원본_상권명,검색어
종로3가역,종로3가역 카페
종각역,종각역 카페
동대부여고,동대부여고 카페
금천해태공원,금천해태공원 카페
상도역 2번,상도역 카페
교대역(법원.검찰청),교대역 카페
대치사거리,대치사거리 카페
영등포구청역 6번,영등포구청역 카페
상봉역 3번,상봉역 카페
장신구 특화거리 상점가,장신구 특화거리 카페
세종대학교,세종대학교 카페
상봉역 4번,상봉역 카페
아현가구거리상점가,아현가구거리 카페
천호역,천호역 카페
둔촌동역 4번,둔촌동역 카페
체부동홍종문가옥,체부동홍종문가옥 카페
자양한강도서관,자양한강도서관 카페
장미제일시장(중화동제일시장),장미제일시장 카페
능동로골목시장,능동로골목시장 카페
신창초등학교,신창초등학교 카페
경의중앙 신촌역,경의중앙 신촌역 카페
봉원사,봉원사 카페
방화역 3번,방화역 카페
은천초등학교(은천교앞),은천초등학교 카페
로데오거리상점가,로데오거리 카페
경리단길북측,경리단길북측 카페
"중곡제일시장(중곡제일골목시장, 광성시장)",중곡제일시장 카페
삼전역 3번,삼전역 카페
신림역(신림),신림역 카페
해오름공원,해오름공원 카페
KB국민은행 서강지점,KB국민은행 서강지점 카페
염곡동 구룡사(포이동성당),염곡동 구룡사 카페
남산케이블카,남산케이블카 카페
답십리사거리,답십리사거리 카페
북정마을,북정마을 카페
자하문터널,자하문터널 카페
청량초등학교,청량초등학교 카페
당고개역 2번,당고개역 카페
개봉역,개봉역 카페
영림시장,영림시장 카페
한양대역 4번,한양대역 카페
정릉역 1번,정릉역 카페
합정역 8번,합정역 카페
영등포푸르지오아파트,영등포푸르지오아파트 카페
목동신시가지,목동신시가지 카페
성수1가1동주민센터,성수1가1동주민센터 카페
장안현대홈타운1차아파트,장안현대홈타운1차아파트 카페
장안근린공원,장안근린공원 카페
신논현역 1번,신논현역 카페
학동역,학동역 카페
선일여고,선일여고 카페
대방역 3번,대방역 카페
방산종합시장(방산시장),방산종합시장 카페
서울약령시장,서울약령시장 카페
삼양사거리역 2번,삼양사거리역 카페
오류2동버들시장,오류2동버들시장 카페
방배노인종합복지관(이수중학교),방배노인종합복지관 카페
충무초등학교,충무초등학교 카페
동대문역사문화공원역 5번,동대문역사문화공원역 카페
상왕십리역 3번,상왕십리역 카페
신곡종합시장(신월6동 골목시장),신곡종합시장 카페
장스여성병원,장스여성병원 카페
홍익대,홍익대 카페
숭실대입구역 1번,숭실대입구역 카페
둔촌고등학교(둔촌중학교),둔촌고등학교 카페
상월곡역 3번,상월곡역 카페
서울역,서울역 카페
목동로데오거리,목동로데오거리 카페
4.19민주묘지역 2번,4.19민주묘지역 카페
인수동 우편취급국,인수동 우편취급국 카페
백련산해모로아파트,백련산해모로아파트 카페
동일여자고등학교,동일여자고등학교 카페
삼성역,삼성역 카페
영동대교남단교차로,영동대교남단교차로 카페
상일여고(상일초등학교),상일여고 카페
남영동 먹자골목,남영동 먹자골목 카페
"숙대입구역(남영역, 남영동)",숙대입구역 카페
구의사거리,구의사거리 카페
오!도봉거리 상점가,오!도봉거리 카페
명지대학교,명지대학교 카페
강서구청가양동별관,강서구청가양동별관 카페
압구정로데오역(압구정로데오),압구정로데오역 카페
강동구청(강동구청역 2번),강동구청 카페
효창공원앞역 5번,효창공원앞역 카페
방학역 2번,방학역 카페
이화사거리,이화사거리 카페
샤로수길,샤로수길 카페
오금역 4번,오금역 카페
석촌중학교(방이육교),석촌중학교 카페
중랑역 4번,중랑역 카페
중랑역 1번,중랑역 카페
송화벽화시장(송화골목시장),송화벽화시장 카페
당산역 8번,당산역 카페
대림성모병원,대림성모병원 카페
강남 마이스 관광특구,강남 마이스 관광특구 카페
마천1치안센터,마천1치안센터 카페
암사동성당(효정하나플러스아파트),암사동성당 카페
삼선동주민센터,삼선동주민센터 카페
신방화역 2번,신방화역 카페
대림역 5번,대림역 카페
가인초등학교,가인초등학교 카페
마포구청역 4번,마포구청역 카페
마포FM,마포FM 카페
새터산,새터산 카페
방이동고분군(방산고등학교),방이동고분군 카페
경동고등학교,경동고등학교 카페
가좌역 2번,가좌역 카페
신수동주민센터,신수동주민센터 카페
까치산역 4번,까치산역 카페
삼각지역,삼각지역 카페
한남오거리,한남오거리 카페
남부초등학교,남부초등학교 카페
양재화물트럭터미널앞,양재화물트럭터미널앞 카페
북촌(안국역),북촌 카페
장충초등학교,장충초등학교 카페
신당역,신당역 카페
홍대부중,홍대부중 카페
공덕시장,공덕시장 카페
석촌역 3번,석촌역 카페
안암역,안암역 카페
마들역,마들역 카페
대흥역 2번,대흥역 카페
북창동(시청역_6번),북창동 카페
마포역,마포역 카페
개봉동 현대아파트,개봉동 현대아파트 카페
"한양대앞상점가(한양시장, 왕십리맛골목)",한양대앞 카페
고척동성당,고척동성당 카페
대진고등학교,대진고등학교 카페
구로디지털단지,구로디지털단지 카페
G타워,G타워 카페
삼전역 1번,삼전역 카페
전농119안전센터,전농119안전센터 카페
종암동주민센터,종암동주민센터 카페
언주역 3번,언주역 카페
새마을시장,새마을시장 카페
성수초등학교,성수초등학교 카페
내방역,내방역 카페
강남언주로,강남언주로 카페
응봉산,응봉산 카페
신정롯데캐슬아파트,신정롯데캐슬아파트 카페
양지어린이공원,양지어린이공원 카페
고덕중학교(고덕2동주민센터),고덕중학교 카페
가산초등학교(세일중학교),가산초등학교 카페
방배동카페골목,방배동카페골목 카페
방배동사이길,방배동사이길 카페
명동 남대문 북창동 다동 무교동 관광특구,명동 남대문 북창동 다동 무교동 관광특구 카페
광진정보도서관,광진정보도서관 카페
사가정역 1번,사가정역 카페
서일대학교,서일대학교 카페
증산역 1번,증산역 카페
상도약수골목형상점가,상도약수골목형 카페
대치동아우편취급국,대치동아우편취급국 카페
청담사거리(청담동명품거리),청담사거리 카페
창덕궁,창덕궁 카페
면목역 3번,면목역 카페
오산중학교,오산중학교 카페
도봉산입구,도봉산입구 카페
양재역,양재역 카페
푸른동산공원,푸른동산공원 카페
망원역 1번,망원역 카페
홍대 걷고싶은 거리,홍대 걷고싶은 거리 카페
종로5가역 4번,종로5가역 카페
창신골목시장,창신골목시장 카페
녹두거리(대학동),녹두거리 카페
굽은다리역 1번(십자성마을),굽은다리역 카페
중곡1동 마을마당,중곡1동 마을마당 카페
이대 앞 스타트업 상점가,이대 앞 스타트업 카페
천호지구대(천호동자전거거리),천호지구대 카페
천호태영아파트,천호태영아파트 카페
공릉동 도깨비시장,공릉동 도깨비시장 카페
중구청(퇴계로4가),중구청 카페
서울역 15번,서울역 카페
석촌고분역,석촌고분역 카페
서울과학기술대,서울과학기술대 카페
홍연시장,홍연시장 카페
서강대역 1번,서강대역 카페
석계역 7번,석계역 카페
석촌시장,석촌시장 카페
안암역 3번,안암역 카페
KT구로지사,KT구로지사 카페
신대방역 2번,신대방역 카페
포이사거리(삼호물산),포이사거리 카페
성곡미술관,성곡미술관 카페
을지로3가역,을지로3가역 카페
삼광초등학교,삼광초등학교 카페
금북초등학교,금북초등학교 카페
계상초등학교,계상초등학교 카페
서울서부지방법원,서울서부지방법원 카페
세곡초등학교,세곡초등학교 카페
월곡역,월곡역 카페
경향신문사,경향신문사 카페
상월곡역 2번,상월곡역 카페
마포역 4번,마포역 카페
구로초등학교,구로초등학교 카페
동평화시장,동평화시장 카페
답십리공원,답십리공원 카페
전농중학교,전농중학교 카페
종암경찰서,종암경찰서 카페
연신내역 5번,연신내역 카페
구로4동주민센터,구로4동주민센터 카페
구로보건소,구로보건소 카페
경희대삼거리,경희대삼거리 카페
이수역 9번,이수역 카페
문정동성당,문정동성당 카페
묘곡초등학교(고덕아이파크아파트),묘곡초등학교 카페
"수유전통시장(수유시장, 수유골목시장)",수유전통시장 카페
총신대학교,총신대학교 카페
삼육보건대학교,삼육보건대학교 카페
고덕동성당,고덕동성당 카페
천동초등학교,천동초등학교 카페
"황학시장(서울중앙시장, 신중앙시장)",황학시장 카페
러스크서울병원,러스크서울병원 카페
신정역 5번,신정역 카페
서래초등학교,서래초등학교 카페
중구회현체육센터(정화예술대남산캠퍼스),중구회현체육센터 카페
중랑동부시장,중랑동부시장 카페
강북중학교,강북중학교 카페
무너미어린이공원,무너미어린이공원 카페
북한산우이역 2번,북한산우이역 카페
홍대소상공인상점가,홍대소상공인 카페
시흥초등학교(시흥1동우체국),시흥초등학교 카페
장승배기역,장승배기역 카페
교대입구교차로,교대입구교차로 카페
서초동성당,서초동성당 카페
은마아파트,은마아파트 카페
도곡초등학교,도곡초등학교 카페
대청초등학교,대청초등학교 카페
명일역 1번,명일역 카페
신대방역 4번,신대방역 카페
구남초등학교,구남초등학교 카페
시흥4동주민센터(서울신흥초등학교),시흥4동주민센터 카페
한울중학교,한울중학교 카페
투구봉어린이공원,투구봉어린이공원 카페
용산용문시장,용산용문시장 카페
등촌역,등촌역 카페
당산반도유보라팰리스아파트,당산반도유보라팰리스아파트 카페
신중초등학교,신중초등학교 카페
경찰병원역 4번(건너말공원),경찰병원역 카페
둔촌동역 3번(성내3동주민센터),둔촌동역 카페
서촌(경복궁역),서촌 카페
장안중학교,장안중학교 카페
중화역 4번,중화역 카페
사당역(사당),사당역 카페
구립대학경로당(관악산샘말공원),구립대학경로당 카페
서초역,서초역 카페
문정역,문정역 카페
충정로역,충정로역 카페
신림현대아파트,신림현대아파트 카페
영락고등학교,영락고등학교 카페
배문고등학교,배문고등학교 카페
화곡중앙시장,화곡중앙시장 카페
석촌고분역 4번,석촌고분역 카페
후암동주민센터,후암동주민센터 카페
상계2동주민센터,상계2동주민센터 카페
서울여자간호대학교,서울여자간호대학교 카페
화곡역 4번,화곡역 카페
63빌딩,63빌딩 카페
금호역,금호역 카페
당고개역 5번,당고개역 카페
개봉1동주민센터,개봉1동주민센터 카페
영등포역(영등포),영등포역 카페
봉천역 1번(관악초등학교),봉천역 카페
사직공원(한국사회과학도서관),사직공원 카페
뚝섬역상점가,뚝섬역 카페
삼호가든사거리,삼호가든사거리 카페
언주역(차병원),언주역 카페
오동나무공원(송파레미니스1단지),오동나무공원 카페
오목교역,오목교역 카페
남구로시장,남구로시장 카페
노량진역(노량진),노량진역 카페
신설동역 12번,신설동역 카페
미아역,미아역 카페
갈현건영아파트,갈현건영아파트 카페
반포4동주민센터(몽마르뜨공원),반포4동주민센터 카페
구반포역,구반포역 카페
청량리전통시장,청량리전통시장 카페
신월2동주민센터,신월2동주민센터 카페
서울공연예술고등학교,서울공연예술고등학교 카페
무학봉상점가,무학봉 카페
송중초등학교,송중초등학교 카페
숭인시장,숭인시장 카페
연신초등학교,연신초등학교 카페
상수역 4번,상수역 카페
행당시장상점가,행당시장 카페
새절역 3번,새절역 카페
둔촌2동주민센터,둔촌2동주민센터 카페
선정릉역 4번,선정릉역 카페
남대문시장(자유상가),남대문시장 카페
사가정역,사가정역 카페
사가정시장,사가정시장 카페
우리은행응암동지점,우리은행응암동지점 카페
은평세무서,은평세무서 카페
목동역 8번출구,목동역 카페
서울시흥동우체국(홈플러스시흥점),서울시흥동우체국 카페
비단길현대시장(현대시장),비단길현대시장 카페
상도초등학교,상도초등학교 카페
한영중고,한영중고 카페
송정역 3번,송정역 카페
먹골역 5번,먹골역 카페
방학역 1번,방학역 카페
구파발역,구파발역 카페
은행나무시장,은행나무시장 카페
보라매역 2번,보라매역 카페
보라매역,보라매역 카페
강동구청역,강동구청역 카페
종로5가역,종로5가역 카페
종로6가,종로6가 카페
어린이대공원역,어린이대공원역 카페
신내1동주민센터,신내1동주민센터 카페
쌍문초등학교,쌍문초등학교 카페
성자초등학교,성자초등학교 카페
자양동우체국,자양동우체국 카페
도봉우체국,도봉우체국 카페
가양역 10번,가양역 카페
당산역,당산역 카페
창동역상점가,창동역 카페
경복고등학교,경복고등학교 카페
세검정초등학교,세검정초등학교 카페
평창동동측,평창동동측 카페
성신여대,성신여대 카페
난우초등학교,난우초등학교 카페
미성초등학교,미성초등학교 카페
선정릉역,선정릉역 카페
문정역 1번,문정역 카페
천호1동주민센터,천호1동주민센터 카페
굽은다리역 2번,굽은다리역 카페
중곡3동주민센터,중곡3동주민센터 카페
창동역 2번,창동역 카페
구암초등학교,구암초등학교 카페
신림역 8번,신림역 카페
"신림역 5번(신림동주민센터, 신림동별빛거리)",신림역 카페
몽촌토성역,몽촌토성역 카페
돌곶이역 5번,돌곶이역 카페
화원중학교,화원중학교 카페
법제교육센터(버들어린이공원),법제교육센터 카페
동구여중,동구여중 카페
까치산역 1번,까치산역 카페
구로전화국,구로전화국 카페
성수대교남단,성수대교남단 카페
롯데백화점(시청광장 지하쇼핑센터),롯데백화점 카페
금호삼성래미안아파트,금호삼성래미안아파트 카페
금호사거리,금호사거리 카페
상계5동주민센터,상계5동주민센터 카페
이대역 5번,이대역 카페
그라운드 고척,그라운드 고척 카페
영등포청과시장(조광시장),영등포청과시장 카페
정릉우체국,정릉우체국 카페
연신내역,연신내역 카페
망원시장,망원시장 카페
망원월드컵시장,망원월드컵시장 카페
목사랑시장(목4동시장),목사랑시장 카페
성남고등학교,성남고등학교 카페
미아사거리역 3번,미아사거리역 카페
역삼역 4번,역삼역 카페
장충동족발거리(남소영길),장충동족발거리 카페
수송초등학교,수송초등학교 카페
방천골목시장,방천골목시장 카페
신영시장,신영시장 카페
"총신대입구역(이수, 총신대)",총신대입구역 카페
남태령역(서울전자고등학교),남태령역 카페
송정체육공원,송정체육공원 카페
경희대학교(경희대),경희대학교 카페
도봉세무서,도봉세무서 카페
수유초등학교,수유초등학교 카페
불광먹자골목 골목형상점가,불광먹자골목 골목형 카페
신월7동주민센터,신월7동주민센터 카페
이수역 5번,이수역 카페
양목초등학교,양목초등학교 카페
구의역,구의역 카페
중랑노인종합복지관,중랑노인종합복지관 카페
수유역,수유역 카페
가오리역 2번,가오리역 카페
독산119안전센터,독산119안전센터 카페
독산동,독산동 카페
개롱역,개롱역 카페
남부터미널역 1번,남부터미널역 카페
"동원전통종합시장(동원시장, 동원전통시장 상점가)",동원전통종합시장 카페
강북문화예술회관,강북문화예술회관 카페
해방촌 남동측,해방촌 남동측 카페
서초중학교,서초중학교 카페
남영역 1번,남영역 카페
문정역 2번,문정역 카페
강동구립성내도서관,강동구립성내도서관 카페
통인시장,통인시장 카페
청와대사랑채,청와대사랑채 카페
연남동(홍대),연남동 카페
우장산역 4번,우장산역 카페
장지역(가든파이브),장지역 카페
성균관대학교,성균관대학교 카페
보라매동주민센터(당곡고등학교),보라매동주민센터 카페
송파나루역 2번,송파나루역 카페
어린이대공원역 4번,어린이대공원역 카페
강동구립 천호도서관,강동구립 천호도서관 카페
중암중학교,중암중학교 카페
교육개발원입구사거리,교육개발원입구사거리 카페
홍은종합사회복지관,홍은종합사회복지관 카페
양평역 2번,양평역 카페
정독도서관,정독도서관 카페
동화동 골목형상점가,동화동 골목형 카페
한남힐사이드아파트,한남힐사이드아파트 카페
언남고등학교,언남고등학교 카페
동대문구청,동대문구청 카페
제기동역 6번,제기동역 카페
한국의류시험연구원,한국의류시험연구원 카페
시청역_8번,시청역 카페
사근동살곶이상점가,사근동살곶이 카페
신촌역 6번,신촌역 카페
영중로,영중로 카페
국립국악고등학교,국립국악고등학교 카페
역삼역,역삼역 카페
성신여대운정그린캠퍼스,성신여대운정그린캠퍼스 카페
잠실역,잠실역 카페
연신내역 7번,연신내역 카페
구로시장,구로시장 카페
한국SGI본부,한국SGI본부 카페
DMC(디지털미디어시티),DMC 카페
신월1동우편취급국,신월1동우편취급국 카페
예술인마을,예술인마을 카페
사당역 10번,사당역 카페
충정로역 6번,충정로역 카페
강동성심병원,강동성심병원 카페
길동복조리시장,길동복조리시장 카페
왕십리역 9번,왕십리역 카페
응암역,응암역 카페
평창동서측,평창동서측 카페
종로구청,종로구청 카페
회현역,회현역 카페
솔밭공원역 2번,솔밭공원역 카페
응암정보도서관,응암정보도서관 카페
응암오거리상점가,응암오거리 카페
응암3동주민센터,응암3동주민센터 카페
홍대입구역(홍대),홍대입구역 카페
독산동성당,독산동성당 카페
성대전통시장(성대시장),성대전통시장 카페
선릉역,선릉역 카페
"강남구청(청담역_8번, 강남세무서)",강남구청 카페
청담역 12번,청담역 카페
언북초등학교,언북초등학교 카페
도봉역 3번,도봉역 카페
숙대입구역 1번,숙대입구역 카페
면목골목시장(면목시장),면목골목시장 카페
면동초등학교,면동초등학교 카페
하나고등학교,하나고등학교 카페
종로·청계 관광특구,종로·청계 관광특구 카페
군자역,군자역 카페
망원역,망원역 카페
당산2동(영등포우체국),당산2동 카페
이화달팽이길,이화달팽이길 카페
동대문문구완구거리(동대문문구완구시장),동대문문구완구거리 카페
동대문역 1번,동대문역 카페
쌍문시장(쌍문역골목시장),쌍문시장 카페
고분다리전통시장,고분다리전통시장 카페
신자초등학교,신자초등학교 카페
창동신창시장,창동신창시장 카페
대학로(혜화역),대학로 카페
군자역 4번,군자역 카페
가로수길,가로수길 카페
신용산역(용산역),신용산역 카페
혜회동주민센터,혜회동주민센터 카페
경신고등학교,경신고등학교 카페
인현시장,인현시장 카페
충정로역 3번,충정로역 카페
경찰청앞교차로,경찰청앞교차로 카페
마포농수산물시장,마포농수산물시장 카페
화곡역,화곡역 카페
우장산역 1번,우장산역 카페
우장산힐스테이트,우장산힐스테이트 카페
신풍역 3번,신풍역 카페
양재역 8번(양재동우체국),양재역 카페
석촌고분역 1번,석촌고분역 카페
신원동주민센터,신원동주민센터 카페
압구정역,압구정역 카페
리움미술관,리움미술관 카페
조원동주민센터,조원동주민센터 카페
금동어린이공원,금동어린이공원 카페
서울대입구역 8번,서울대입구역 카페
회기시장,회기시장 카페
대흥동주민센터,대흥동주민센터 카페
거여초등학교,거여초등학교 카페
정릉시장,정릉시장 카페
구로나눔길,구로나눔길 카페
경수초등학교,경수초등학교 카페
전농로터리시장,전농로터리시장 카페
청량리역(청량리),청량리역 카페
전곡마을마당공원,전곡마을마당공원 카페
시립대앞사거리,시립대앞사거리 카페
달마을공원,달마을공원 카페
노량진역 6번,노량진역 카페
역삼역 8번,역삼역 카페
고려대역 6번,고려대역 카페
신월4동주민센터,신월4동주민센터 카페
회기역,회기역 카페
연신내우체국,연신내우체국 카페
시립서북병원,시립서북병원 카페
광흥창역 1번,광흥창역 카페
가산동주민센터,가산동주민센터 카페
역촌노인복지관,역촌노인복지관 카페
응암역 2번,응암역 카페
방배아이파크아파트,방배아이파크아파트 카페
둔촌동역 1번(한산중학교),둔촌동역 카페
사가정역 4번,사가정역 카페
본서부병원,본서부병원 카페
새절역 2번,새절역 카페
면목역 2번,면목역 카페
상봉역,상봉역 카페
남가좌동현대아파트,남가좌동현대아파트 카페
NH농협은행 상도동지점,NH농협은행 상도동지점 카페
서초3동사거리,서초3동사거리 카페
강동역 4번(강풀만화거리),강동역 카페
방학초등학교,방학초등학교 카페
모래내우체국,모래내우체국 카페
화곡4동주민센터,화곡4동주민센터 카페
흑리단길,흑리단길 카페
성심여자고등학교,성심여자고등학교 카페
신촌 상인회(신촌상점가),신촌 상인회 카페
군자역 5번,군자역 카페
중화역 1번,중화역 카페
"이화여대(이대역, 이대)",이화여대 카페
연희대우아파트앞,연희대우아파트앞 카페
삼성중앙역,삼성중앙역 카페
천호역 1번(천호문구완구거리),천호역 카페
서연중학교,서연중학교 카페
우면주공아파트,우면주공아파트 카페
서울국제고등학교,서울국제고등학교 카페
서대문소방서,서대문소방서 카페
서대문역,서대문역 카페
까치산역,까치산역 카페
동대문패션타운 관광특구,동대문패션타운 관광특구 카페
장충단 고개,장충단 고개 카페
돌곶이역 8번,돌곶이역 카페
문래중학교,문래중학교 카페
까치산시장,까치산시장 카페
신대방역 1번,신대방역 카페
석촌역 7번,석촌역 카페
한겨레신문사,한겨레신문사 카페
구로디지털단지역,구로디지털단지역 카페
부암동주민센터,부암동주민센터 카페
고척초등학교,고척초등학교 카페
구역삼세무서,구역삼세무서 카페
장한평역(장한평),장한평역 카페
석계역 2번,석계역 카페
덕의초등학교,덕의초등학교 카페
관악중부시장,관악중부시장 카페
망리단길,망리단길 카페
목동역 5번,목동역 카페
남구로역 3번,남구로역 카페
영등포역지하도상점가,영등포역지하도 카페
서래마을카페거리(서래마을),서래마을카페거리 카페
잠실새내역(신천),잠실새내역 카페
국기원,국기원 카페
서서울호수공원,서서울호수공원 카페
상왕십리역 6번,상왕십리역 카페
방배초등학교,방배초등학교 카페
가오리역 1번,가오리역 카페
내를건너서숲으로도서관,내를건너서숲으로도서관 카페
서울축산농협 독산역지점(독산파출소),서울축산농협 독산역지점 카페
상도역 5번,상도역 카페
서울중앙시장(신중앙시장),서울중앙시장 카페
응암역 3번,응암역 카페
신진과학기술고등학교,신진과학기술고등학교 카페
시흥동 은행나무사거리,시흥동 은행나무사거리 카페
영등포구청역 2번,영등포구청역 카페
용산전자상가(용산역),용산전자상가 카페
대림3동사거리,대림3동사거리 카페
암사역 1번,암사역 카페
용산구청,용산구청 카페
길음역 8번,길음역 카페
도신초등학교,도신초등학교 카페
태릉입구역,태릉입구역 카페
공릉동 국수거리,공릉동 국수거리 카페
연희파출소,연희파출소 카페
마포구청역 1번,마포구청역 카페
까치산역 3번,까치산역 카페
방이동먹자골목,방이동먹자골목 카페
화곡2동주민센터,화곡2동주민센터 카페
선유도역 1번,선유도역 카페
관악구신사동주민센터,관악구신사동주민센터 카페
도산공원교차로,도산공원교차로 카페
송파사거리(송파역),송파사거리 카페
용강동 상점가,용강동 카페
홍제역 4번,홍제역 카페
벌말어린이공원,벌말어린이공원 카페
양화대교북단,양화대교북단 카페
관악우성아파트,관악우성아파트 카페
연신내상점가(연빛거리),연신내 카페
약수시장,약수시장 카페
목동깨비시장(목3동시장),목동깨비시장 카페
남구로역 5번,남구로역 카페
대림상가(청계상가),대림상가 카페
을지로4가역,을지로4가역 카페
미아사거리역,미아사거리역 카페
구산역 1번,구산역 카페
수궁동주민센터,수궁동주민센터 카페
사당1동먹자골목상점가(사당1동먹자골목),사당1동먹자골목 카페
문현중학교(장지역 1번),문현중학교 카페
청구역 3번,청구역 카페
옥수역 6번,옥수역 카페
대치역,대치역 카페
송중동주민센터,송중동주민센터 카페
연신내역 2번,연신내역 카페
광흥창역 6번,광흥창역 카페
개나리아파트,개나리아파트 카페
GS강동자이아파트,GS강동자이아파트 카페
행당역 2번,행당역 카페
독산동정훈단지,독산동정훈단지 카페
광화문역,광화문역 카페
종로4가,종로4가 카페
월드순복음교회,월드순복음교회 카페
합정역,합정역 카페
KT금천빌딩(금천구시설관리공단),KT금천빌딩 카페
상도4동주민센터,상도4동주민센터 카페
학동사거리,학동사거리 카페
먹골역 1번,먹골역 카페
묵1동도깨비시장,묵1동도깨비시장 카페
아현역 2번,아현역 카페
도봉역 2번,도봉역 카페
우사단길,우사단길 카페
강서구청,강서구청 카페
영동초등학교,영동초등학교 카페
양재천카페거리,양재천카페거리 카페
매봉역,매봉역 카페
둔촌역전통시장,둔촌역전통시장 카페
동묘앞역(동묘),동묘앞역 카페
광진정말공원,광진정말공원 카페
서울대입구역,서울대입구역 카페
봉은사역,봉은사역 카페
길동역,길동역 카페
새남터성지,새남터성지 카페
공항고등학교,공항고등학교 카페
홍대입구역 3번,홍대입구역 카페
방화역 2번,방화역 카페
용마초등학교,용마초등학교 카페
태릉입구역 4번,태릉입구역 카페
성서초등학교,성서초등학교 카페
서울지방병무청,서울지방병무청 카페
영신초등학교,영신초등학교 카페
관악해태어린이공원,관악해태어린이공원 카페
아래방죽마을공원(율현초등학교),아래방죽마을공원 카페
한강로동땡땡거리(은행나무길),한강로동땡땡거리 카페
발산역 5번,발산역 카페
신풍역 1번,신풍역 카페
강남을지병원,강남을지병원 카페
약수역,약수역 카페
의릉,의릉 카페
곰달래도서관,곰달래도서관 카페
목동사거리,목동사거리 카페
양평역,양평역 카페
서울시청,서울시청 카페
성북초등학교앞,성북초등학교앞 카페
홍제역,홍제역 카페
신곡초등학교,신곡초등학교 카페
공덕동주민센터,공덕동주민센터 카페
개봉중앙시장,개봉중앙시장 카페
영등포역 2번,영등포역 카페
영동전통시장,영동전통시장 카페
Sh수협은행 오금동금융센터(아랫말어린이공원),Sh수협은행 오금동금융센터 카페
구로구청,구로구청 카페
고대앞사거리,고대앞사거리 카페
삼양골목시장(삼양시장),삼양골목시장 카페
연신내역 4번,연신내역 카페
신서초등학교,신서초등학교 카페
가산동우체국,가산동우체국 카페
남성사계시장(남성시장),남성사계시장 카페
길동주민센터(강동도서관),길동주민센터 카페
대치2동주민센터,대치2동주민센터 카페
지향초등학교,지향초등학교 카페
굽은다리역 4번,굽은다리역 카페
메가박스 상봉,메가박스 상봉 카페
면목동우체국,면목동우체국 카페
오거리공원,오거리공원 카페
한티역,한티역 카페
도성초등학교,도성초등학교 카페
청담근린공원,청담근린공원 카페
고덕역,고덕역 카페
방학동도깨비시장,방학동도깨비시장 카페
증산역 3번,증산역 카페
경의선책거리,경의선책거리 카페
올림픽대교북단,올림픽대교북단 카페
오금역,오금역 카페
천호역 6번,천호역 카페
남강고등학교(남강중학교),남강고등학교 카페
경기고교사거리(경기고교앞사거리),경기고교사거리 카페
굽은다리역,굽은다리역 카페
미아사거리,미아사거리 카페
창동역,창동역 카페
신방화역 8번,신방화역 카페
문정동 로데오거리 상점가(문정동 로데오거리),문정동 로데오거리 카페
성신여대입구역 4번,성신여대입구역 카페
공릉역 2번,공릉역 카페
방화초등학교,방화초등학교 카페
방화역 1번,방화역 카페
윗방죽마을공원,윗방죽마을공원 카페
수서역,수서역 카페
중림동,중림동 카페
방이시장,방이시장 카페
송파나루역,송파나루역 카페
동대문역사문화공원역,동대문역사문화공원역 카페
보문역 4번,보문역 카페
충정로현대아파트,충정로현대아파트 카페
신길6동주민센터,신길6동주민센터 카페
한남IC,한남IC 카페
중부시장(신중부시장),중부시장 카페
삼각지역 14번,삼각지역 카페
어린이대공원역 3번,어린이대공원역 카페
한성대입구역 5번,한성대입구역 카페
화곡역 5번,화곡역 카페
푸른들청소년도서관,푸른들청소년도서관 카페
명동(명동거리),명동 카페
중부경찰서(영화인의거리),중부경찰서 카페
간데메공원,간데메공원 카페
서대문구보건소별관,서대문구보건소별관 카페
동진시장,동진시장 카페
봉천중앙시장,봉천중앙시장 카페
낙성대역 1번(관악구민 종합체육센터),낙성대역 카페
독립문역 1번,독립문역 카페
강남개포시장,강남개포시장 카페
세종마을음식문화거리(금천교시장),세종마을음식문화거리 카페
상월곡역 1번,상월곡역 카페
삼청동,삼청동 카페
동대부고,동대부고 카페
정릉역 2번,정릉역 카페
노량진중앙시장,노량진중앙시장 카페
서울시립대,서울시립대 카페
양화초등학교,양화초등학교 카페
목2동시장,목2동시장 카페
등촌역 4번,등촌역 카페
강서고등학교,강서고등학교 카페
대림역 2번,대림역 카페
방배역,방배역 카페
르네상스호텔사거리,르네상스호텔사거리 카페
구산보건지소,구산보건지소 카페
불광역 7번,불광역 카페
오류동역,오류동역 카페
문성초등학교,문성초등학교 카페
인사동,인사동 카페
구의1동주민센터,구의1동주민센터 카페
아카데미하우스,아카데미하우스 카페
응암시장(신응암시장),응암시장 카페
발산역(마곡),발산역 카페
면목역 1번,면목역 카페
명동역(명동재미로),명동역 카페
성동초등학교,성동초등학교 카페
강변역(테크노마트),강변역 카페
남가좌파출소,남가좌파출소 카페
양천향교역 5번,양천향교역 카페
신대방1동골목상권,신대방1동골목상권 카페
포스코사거리,포스코사거리 카페
가락시장,가락시장 카페
성내중학교,성내중학교 카페
방학1동주민센터,방학1동주민센터 카페
방학중학교,방학중학교 카페
연가초등학교,연가초등학교 카페
구의역 4번,구의역 카페
신아타운,신아타운 카페
"이화여대 3,5,7길 상점가","이화여대 3,5,7길 카페"
거여역 1번(거여공원),거여역 카페
구로디지털단지역 4번,구로디지털단지역 카페
난우중학교,난우중학교 카페
사당역 4번,사당역 카페
이태원엔틱가구거리,이태원엔틱가구거리 카페
미성동 도깨비시장 골목형상점가,미성동 도깨비시장 골목형 카페
성신여대입구역 1번,성신여대입구역 카페
연희초등학교,연희초등학교 카페
신성초등학교,신성초등학교 카페
한성대입구역,한성대입구역 카페
보라매역 6번,보라매역 카페
화양사거리,화양사거리 카페
공덕역(공덕오거리),공덕역 카페
뜸부기어린이공원,뜸부기어린이공원 카페
봉천역 4번(봉천110안전센터),봉천역 카페
석촌고분역 3번,석촌고분역 카페
신당역 3번,신당역 카페
서울독일학교,서울독일학교 카페
효창동주민센터,효창동주민센터 카페
논현역,논현역 카페
대광초등학교,대광초등학교 카페
조원동 펭귄시장(신림중앙시장),조원동 펭귄시장 카페
마장축산물시장,마장축산물시장 카페
한강성심병원,한강성심병원 카페
국악고교사거리,국악고교사거리 카페
오금공원(오주중학교),오금공원 카페
성수동카페거리,성수동카페거리 카페
정릉3동주민센터,정릉3동주민센터 카페
영신여고,영신여고 카페
구로역,구로역 카페
삼전역 4번,삼전역 카페
뚝도시장,뚝도시장 카페
종암아이파크2차,종암아이파크2차 카페
구산역 4번,구산역 카페
동교초등학교,동교초등학교 카페
청량리종합시장,청량리종합시장 카페
마포구청역 7번,마포구청역 카페
서울프랑스학교,서울프랑스학교 카페
삼각산119안전센터,삼각산119안전센터 카페
제일시장,제일시장 카페
신한은행 신월동지점,신한은행 신월동지점 카페
오류지구대,오류지구대 카페
성동세무서,성동세무서 카페
화계중학교,화계중학교 카페
상수역(홍대),상수역 카페
신월문화체육센터,신월문화체육센터 카페
가산디지털단지,가산디지털단지 카페
황학코아루아파트,황학코아루아파트 카페
망우3동주민센터,망우3동주민센터 카페
강북구청,강북구청 카페
굽은다리역 3번,굽은다리역 카페
광나루역 1번,광나루역 카페
구산역,구산역 카페
홍익지구대,홍익지구대 카페
신대방삼거리역,신대방삼거리역 카페
남부터미널역,남부터미널역 카페
명일역,명일역 카페
원남동사거리,원남동사거리 카페
경찰병원역,경찰병원역 카페
홍대땡땡거리,홍대땡땡거리 카페
양천향교역 7번,양천향교역 카페
영등포구청역,영등포구청역 카페
경찰병원역 3번,경찰병원역 카페
효창공원앞역 6번,효창공원앞역 카페
신한은행 방학동지점,신한은행 방학동지점 카페
"신촌역(신촌역, 신촌로터리)",신촌역 카페
중앙대학교,중앙대학교 카페
서울고교교차로,서울고교교차로 카페
가락시장역,가락시장역 카페
해방촌예술마을,해방촌예술마을 카페
광진구청,광진구청 카페
서대문우체국,서대문우체국 카페
코엑스,코엑스 카페
남천초등학교,남천초등학교 카페
암사역 3번(천호동자전거거리),암사역 카페
문래동주민센터,문래동주민센터 카페
중곡역 3번,중곡역 카페
문정초등학교,문정초등학교 카페
천호공원(해공체육문화센터),천호공원 카페
숙대입구,숙대입구 카페
공항시장역 1번,공항시장역 카페
문래역(문래로데오거리),문래역 카페
당곡중학교,당곡중학교 카페
신논현역,신논현역 카페
은곡마을(은곡마을공원),은곡마을 카페
충무로역,충무로역 카페
퇴계로5가,퇴계로5가 카페
아차산역 1번,아차산역 카페
건대입구역 1번,건대입구역 카페
한성대입구역 3번,한성대입구역 카페
성북구청,성북구청 카페
화랑대철도공원,화랑대철도공원 카페
영진시장A동,영진시장A동 카페
방아다리근린공원(횃불트리니티신학대학원대학교),방아다리근린공원 카페
노원초등학교,노원초등학교 카페
인헌시장(원당종합시장),인헌시장 카페
장충동주민센터,장충동주민센터 카페
효창공원앞역 2번,효창공원앞역 카페
홍제역 3번,홍제역 카페
마장역 2번,마장역 카페
가리봉파출소,가리봉파출소 카페
남구로역 2번,남구로역 카페
청룡동주민센터,청룡동주민센터 카페
송파역 2번,송파역 카페
돌곶이역 1번,돌곶이역 카페
광운대학교 남단,광운대학교 남단 카페
광운대역 1번,광운대역 카페
등나무근린공원,등나무근린공원 카페
서울숲역,서울숲역 카페
뚝섬역,뚝섬역 카페
서울숲카페거리,서울숲카페거리 카페
종암중학교,종암중학교 카페
상계역,상계역 카페
내방역 4번,내방역 카페
성수119안전센터,성수119안전센터 카페
은평요양병원,은평요양병원 카페
서울대병원,서울대병원 카페
세종대왕기념관교차로,세종대왕기념관교차로 카페
서울북부고용노동지청,서울북부고용노동지청 카페
불광역,불광역 카페
강남구청역 2번,강남구청역 카페
언주역 6번,언주역 카페
풍납시장,풍납시장 카페
왕십리도선동상점가,왕십리도선동 카페
논현2동주민센터,논현2동주민센터 카페
망우본동주민센터,망우본동주민센터 카페
수유시장옆,수유시장옆 카페
장로회신학대학교,장로회신학대학교 카페
장승배기역 4번,장승배기역 카페
신대방삼거리역 1번,신대방삼거리역 카페
강남구청역,강남구청역 카페
서울역 12번,서울역 카페
영등포유통상가,영등포유통상가 카페
보라매공원,보라매공원 카페
종로신진시장,종로신진시장 카페
광장시장(광장전통시장),광장시장 카페
한국폴리텍대학서울정수캠퍼스,한국폴리텍대학서울정수캠퍼스 카페
서빙고역 1번,서빙고역 카페
국민은행방학지점,국민은행방학지점 카페
도봉구보건소,도봉구보건소 카페
북가좌2동주민센터,북가좌2동주민센터 카페
신흥시장,신흥시장 카페
쌍문2동우체국,쌍문2동우체국 카페
거여역,거여역 카페
이태원 관광특구,이태원 관광특구 카페
뚝섬유원지역 1번,뚝섬유원지역 카페
암사역 2번(서울강동초등학교),암사역 카페
공릉역,공릉역 카페
공군호텔,공군호텔 카페
삼성전자서울R&D(서울우면초등학교),삼성전자서울R&D 카페
대왕초등학교(세곡동사거리서남측),대왕초등학교 카페
방이역,방이역 카페
방이역 4번,방이역 카페
송파나루역 3번,송파나루역 카페
성신여대입구역 7번,성신여대입구역 카페
신사은행나무공원,신사은행나무공원 카페
수락산디자인거리,수락산디자인거리 카페
잠실 관광특구,잠실 관광특구 카페
수락산역 4번,수락산역 카페
선유도역 골목형상점가,선유도역 골목형 카페
선유도역 6번,선유도역 카페
석촌역 6번,석촌역 카페
석촌역(석촌호수),석촌역 카페
중앙고등학교,중앙고등학교 카페
한강진역 3번,한강진역 카페
용두동신동아아파트,용두동신동아아파트 카페
연트럴파크(연남동주민센터),연트럴파크 카페
인헌고등학교(인헌중학교),인헌고등학교 카페
후암시장,후암시장 카페
외대앞역 1번,외대앞역 카페
안암역 2번,안암역 카페
상계백병원,상계백병원 카페
대흥역 3번,대흥역 카페
은행사거리,은행사거리 카페
국회의사당역(국회의사당),국회의사당역 카페
포이초등학교(개포목련어린이공원),포이초등학교 카페
월계역 3번,월계역 카페
양원초등학교,양원초등학교 카페
개봉3동주민센터,개봉3동주민센터 카페
서울숲역 1번,서울숲역 카페
서경대학교,서경대학교 카페
텃골근린공원,텃골근린공원 카페
내방역 1번,내방역 카페
서울세관,서울세관 카페
혜화역 1번,혜화역 카페
서서울 골목형상점가,서서울 골목형 카페
경창시장,경창시장 카페
신도림역,신도림역 카페
불광역 8번,불광역 카페
하나은행 망우동지점,하나은행 망우동지점 카페
남성역골목시장,남성역골목시장 카페
방현초등학교(방배119안전센터),방현초등학교 카페
성동용답상가시장,성동용답상가시장 카페
수유중앙골목시장(수유중앙시장),수유중앙골목시장 카페
강북종합전통시장(강북종합골목시장),강북종합전통시장 카페
말미고개,말미고개 카페
숭실대입구역 4번,숭실대입구역 카페
휘문고교사거리,휘문고교사거리 카페
면목2동체육관,면목2동체육관 카페
서교동(홍대),서교동 카페
신정네거리역,신정네거리역 카페
금천구청역 1번 출입구,금천구청역 카페
아차산역,아차산역 카페
신묵초등학교,신묵초등학교 카페
도봉산역 1번,도봉산역 카페
양천향교역 2번,양천향교역 카페
금산초등학교(금천고등학교),금산초등학교 카페
영등포청과시장교차로,영등포청과시장교차로 카페
신대방삼거리역 3번,신대방삼거리역 카페
뱅뱅사거리,뱅뱅사거리 카페
송정역,송정역 카페
등촌1동주민센터,등촌1동주민센터 카페
동대문역,동대문역 카페
태릉시장 특화거리,태릉시장 특화거리 카페
덕성여대시반거리,덕성여대시반거리 카페
마천역(마천초등학교),마천역 카페
암사역,암사역 카페
이태원(이태원역),이태원 카페
건대입구역 6번,건대입구역 카페
홍대부속여중고앞,홍대부속여중고앞 카페
쌍문역동측상점가,쌍문역동측 카페
창2동주민센터,창2동주민센터 카페
연희세브란스병원,연희세브란스병원 카페
문래예술촌(문래창작촌),문래예술촌 카페
경성고등학교,경성고등학교 카페
바우뫼공원,바우뫼공원 카페
화양제일골목시장,화양제일골목시장 카페
보문역 8번,보문역 카페
경춘선숲길 우측,경춘선숲길 우측 카페
미근동,미근동 카페
화곡역 2번,화곡역 카페
청계산원터골,청계산원터골 카페
답십리초등학교,답십리초등학교 카페
삼선중학교,삼선중학교 카페
"남부골목시장(남부화곡시장, 남부시장)",남부골목시장 카페
"양재시민의숲역(양재동꽃시장, aT센터)",양재시민의숲역 카페
홍제역 2번,홍제역 카페
우장산롯데캐슬아파트앞,우장산롯데캐슬아파트앞 카페
신금호역 골목형상점가,신금호역 골목형 카페
송파나루역 1번(송리단길),송파나루역 카페
세검정,세검정 카페
관악구 중앙길,관악구 중앙길 카페
개포고등학교,개포고등학교 카페
왕십리역(왕십리),왕십리역 카페
성원중학교,성원중학교 카페
석계역 1번,석계역 카페
영등포시장기계공구상가,영등포시장기계공구상가 카페
장평중학교,장평중학교 카페
장안동사거리,장안동사거리 카페
뚝섬역교차로,뚝섬역교차로 카페
성원어린이공원,성원어린이공원 카페
미아역 8번,미아역 카페
목동보건지소,목동보건지소 카페
은평구청,은평구청 카페
경복아파트교차로,경복아파트교차로 카페
청량리청과물시장,청량리청과물시장 카페
예일여고,예일여고 카페
대조시장,대조시장 카페
사당역 11번(사당역먹자골목),사당역 카페
언북중학교,언북중학교 카페
강일동주민센터,강일동주민센터 카페
옥수터널,옥수터널 카페
신월중학교,신월중학교 카페
서울남부지방법원,서울남부지방법원 카페
강남세브란스병원미래의학연구센터,강남세브란스병원미래의학연구센터 카페
신사1동주민센터,신사1동주민센터 카페
상도전통시장,상도전통시장 카페
대명여울빛거리시장(대명시장),대명여울빛거리시장 카페
구삼강변맛길,구삼강변맛길 카페
강서구다솔마을,강서구다솔마을 카페
석수역 1번 출입구,석수역 카페
강남역,강남역 카페
성내천어린이공원(하니사랑길),성내천어린이공원 카페
능동우편취급국,능동우편취급국 카페
둔촌역,둔촌역 카페
망우역 2번,망우역 카페
명지대학교교회,명지대학교교회 카페
도곡1동,도곡1동 카페
배화여자대학교(박노수미술관),배화여자대학교 카페
등촌3동주민센터,등촌3동주민센터 카페
대림역,대림역 카페
건대입구역(건대),건대입구역 카페
쌍문역1번(쌍리단길),쌍문역1번 카페
호림박물관(성보고등학교),호림박물관 카페
경리단길남측,경리단길남측 카페
중곡어린이공원,중곡어린이공원 카페
국립정신건강센터,국립정신건강센터 카페
연희동,연희동 카페
서원동상점가,서원동 카페
신사역,신사역 카페
한성백제역 3번,한성백제역 카페
월드컵경기장역(월드컵경기장),월드컵경기장역 카페
답십리시장,답십리시장 카페
노원역,노원역 카페
더케이호텔(양재리본타워2단지아파트),더케이호텔 카페
신설동역,신설동역 카페
상계초등학교,상계초등학교 카페
홍제3동주민센터,홍제3동주민센터 카페
여의도역(여의도),여의도역 카페
을지로2가,을지로2가 카페
을지로입구역,을지로입구역 카페
동의보감타워,동의보감타워 카페
숭곡초등학교,숭곡초등학교 카페
성산중학교,성산중학교 카페
보인중학교,보인중학교 카페
경희대후문,경희대후문 카페
도화동 상점가,도화동 카페
개봉초등학교,개봉초등학교 카페
개웅초등학교(개웅중학교),개웅초등학교 카페
방이역 1번,방이역 카페
고척골목시장상점가(그라운드 고척),고척골목시장 카페
개포지구대옆,개포지구대옆 카페
논현초등학교,논현초등학교 카페
방이역 2번,방이역 카페
시청역_1번,시청역 카페
장안1동주민센터,장안1동주민센터 카페
논현역 4번,논현역 카페
고속터미널(고속터미널역),고속터미널 카페
동묘앞역 2번,동묘앞역 카페
성수역,성수역 카페
선정중학교,선정중학교 카페
KB국민은행 망원동지점,KB국민은행 망원동지점 카페
상암동상점가,상암동 카페
성수2가3동주민센터,성수2가3동주민센터 카페
신월1파출소,신월1파출소 카페
신월3동주민센터,신월3동주민센터 카페
메디힐병원,메디힐병원 카페
남성역 1번,남성역 카페
장지동주민센터(한림연예예술고교),장지동주민센터 카페
삼양입구사거리,삼양입구사거리 카페
신정2동주민센터,신정2동주민센터 카페
서울교통공사,서울교통공사 카페
우림골목시장,우림골목시장 카페
우이천 계성교,우이천 계성교 카페
금천철쭉어린이공원(금하마을),금천철쭉어린이공원 카페
방배동가구거리(사당동가구거리),방배동가구거리 카페
신목동역,신목동역 카페
오류동역 3번,오류동역 카페
미아초등학교,미아초등학교 카페
두산초등학교,두산초등학교 카페
촬영소사거리,촬영소사거리 카페
떡전교사거리,떡전교사거리 카페
삼성중앙역 5번,삼성중앙역 카페
언주중학교,언주중학교 카페
용강동주민센터,용강동주민센터 카페
영등포시장역 4번,영등포시장역 카페
이촌종합시장,이촌종합시장 카페
한양공고앞 교차로,한양공고앞 교차로 카페
영등포시장역 1번,영등포시장역 카페
"천왕역 3번(오류2동주민센터, 서울오류남초등학교)",천왕역 카페
정릉골 골목형상점가,정릉골 골목형 카페
장곡초등학교,장곡초등학교 카페
신금호역 4번,신금호역 카페
보문역 5번,보문역 카페
창신역 4번,창신역 카페
동묘시장(동묘벼룩시장),동묘시장 카페
관악소방서(문영여고),관악소방서 카페
옥정중학교,옥정중학교 카페
상도1동주민센터앞,상도1동주민센터앞 카페
문래동사거리,문래동사거리 카페
성미산체육관,성미산체육관 카페
학동근린공원,학동근린공원 카페
사당5동주민센터,사당5동주민센터 카페
망우역 1번,망우역 카페
창동골목시장,창동골목시장 카페
장안초등학교,장안초등학교 카페
외대앞역 2번,외대앞역 카페
삼구시장(로타리상가),삼구시장 카페
연희어린이공원,연희어린이공원 카페
회기역 1번,회기역 카페
혜원여고,혜원여고 카페
삼성중앙역 7번,삼성중앙역 카페
명일전통시장,명일전통시장 카페
도곡2동주민센터(대치중학교),도곡2동주민센터 카페
베르사이유1아파트,베르사이유1아파트 카페
혜화동주민센터,혜화동주민센터 카페
독산역 1번 출입구,독산역 카페
정릉아리랑시장,정릉아리랑시장 카페
노량진초등학교,노량진초등학교 카페
수유역 2번,수유역 카페
열정도,열정도 카페
대원고등학교,대원고등학교 카페
잠원역,잠원역 카페
team204(팀204),team204 카페
아현시장,아현시장 카페
