가게명,카테고리,지번주소,도로명주소,전화번호,lon,lat,카카오_url,검색어,leaf_count,herb_count,filter_result
다심헌,음식점 > 카페 > 전통찻집,서울 종로구 옥인동 104,서울 종로구 옥인길 8,02-537-9948,126.96806077211444,37.58065208276528,http://place.map.kakao.com/16557435,청운효자동 찻집,619,2,KEEP
전통문화원,음식점 > 카페 > 전통찻집,서울 종로구 통인동 111,서울 종로구 자하문로 51,02-722-8254,126.970886578474,37.5805302783619,http://place.map.kakao.com/11377187,청운효자동 찻집,4298,2300,KEEP
호전다실,음식점 > 카페 > 전통찻집,서울 종로구 통인동 130,서울 종로구 자하문로11길 16-2,02-722-1007,126.970443079391,37.579798561157,http://place.map.kakao.com/1826221826,청운효자동 찻집,781,17,KEEP
서울서둘째로잘하는집,음식점 > 카페 > 전통찻집,서울 종로구 삼청동 28-21,서울 종로구 삼청로 122-1,02-734-5302,126.9818338546895,37.5862501745141,http://place.map.kakao.com/7941905,청운효자동 찻집,20577,1022,KEEP
연경당,음식점 > 카페 > 전통찻집,서울 종로구 팔판동 39,서울 종로구 팔판길 26,0507-1346-9587,126.98126292037544,37.58295245025109,http://place.map.kakao.com/1720131109,청운효자동 찻집,266,395,KEEP
차마시는뜰 차뜰,음식점 > 카페 > 전통찻집,서울 종로구 삼청동 35-169,서울 종로구 북촌로11나길 26,02-722-7006,126.98226506208036,37.582155225838505,http://place.map.kakao.com/2047830907,청운효자동 찻집,1053,144,KEEP
다담찻집,음식점 > 카페 > 전통찻집,서울 종로구 화동 40-1,서울 종로구 삼청로 76,070-4140-2252,126.981854099593,37.5821407474772,http://place.map.kakao.com/309966512,청운효자동 찻집,536,268,KEEP
다연,음식점 > 카페 > 전통찻집,서울 종로구 소격동 61,서울 종로구 삼청로 48-12,,126.98057296221528,37.58043856653446,http://place.map.kakao.com/1922722948,청운효자동 찻집,4430,2369,KEEP
동양차문화관,음식점 > 카페 > 전통찻집,서울 종로구 삼청동 35-91,서울 종로구 북촌로11길 76,,126.983592684909,37.5838628003638,http://place.map.kakao.com/844782189,청운효자동 찻집,318,163,KEEP
월하보이,음식점 > 카페 > 전통찻집,서울 종로구 화동 118-2,서울 종로구 북촌로5길 26,0507-1349-2340,126.983561939184,37.5795200068365,http://place.map.kakao.com/1278859863,청운효자동 찻집,660,75,KEEP
금정헌,음식점 > 카페 > 전통찻집,서울 종로구 가회동 31-22,서울 종로구 북촌로11길 32,02-763-2977,126.983697187403,37.5822878783646,http://place.map.kakao.com/1314617647,청운효자동 찻집,271,47,KEEP
차향기듣는집,음식점 > 카페 > 전통찻집,서울 종로구 화동 106-2,서울 종로구 북촌로5길 29,02-720-9691,126.983149897003,37.5793361459711,http://place.map.kakao.com/7873707,청운효자동 찻집,30368,92,KEEP
티솔로지,음식점 > 카페 > 전통찻집,서울 종로구 화동 126,서울 종로구 윤보선길 71,02-6212-0250,126.983346912842,37.5791956188603,http://place.map.kakao.com/933374911,청운효자동 찻집,115,3,KEEP
터틀도브,음식점 > 카페,서울 종로구 필운동 124-1,서울 종로구 사직로9가길 13,0503-7152-4276,126.968746154634,37.5768599822792,http://place.map.kakao.com/329388840,청운효자동 찻집,54,21,KEEP
전통찻집덕수궁,음식점 > 카페 > 전통찻집,서울 중구 서소문동 53-6,서울 중구 서소문로 109,02-773-0885,126.97325215264,37.5630551367495,http://place.map.kakao.com/13566339,독립문역 찻집,207,275,KEEP
서울에서 첫번째로잘하는 전통찻집,음식점 > 카페 > 전통찻집,서울 중구 태평로1가 25,서울 중구 세종대로 124,,126.977886902592,37.5674601648644,http://place.map.kakao.com/15794175,독립문역 찻집,10006,1877,KEEP
코레아노,음식점 > 카페 > 전통찻집,서울 중구 중림동 200,서울 중구 중림로 10,070-7778-8869,126.96598209895836,37.55849422210736,http://place.map.kakao.com/1107807630,독립문역 찻집,30,85,KEEP
서울에서첫번째전통찻집,음식점 > 카페 > 전통찻집,서울 종로구 청진동 146,서울 종로구 종로 19,02-2075-7030,126.979914362749,37.5709311619802,http://place.map.kakao.com/12684354,독립문역 찻집,17992,10642,KEEP
한옥찻집,음식점 > 카페 > 전통찻집,서울 종로구 관훈동 64,서울 종로구 인사동12길 9,,126.984864848692,37.5745944450705,http://place.map.kakao.com/1154343797,배화여자대학교 찻집,23010,27136,KEEP
전통찻집지대방,음식점 > 카페 > 전통찻집,서울 종로구 관훈동 196-6,서울 종로구 인사동길 33,02-738-5379,126.98554993689189,37.57348630732058,http://place.map.kakao.com/12611451,배화여자대학교 찻집,169,299,KEEP
반짝반짝빛나는,음식점 > 카페 > 전통찻집,서울 종로구 관훈동 6-1,서울 종로구 인사동길 28-1,02-738-4525,126.986062774614,37.573278239159016,http://place.map.kakao.com/21356316,배화여자대학교 찻집,106869,7036,KEEP
오가다 서울인사동점,음식점 > 카페 > 전통찻집 > 오가다,서울 종로구 관훈동 123-4,서울 종로구 인사동길 60,02-725-7955,126.98364879223372,37.57528165172079,http://place.map.kakao.com/19604529,배화여자대학교 찻집,0,0,UNKNOWN
경인미술관 전통다원,음식점 > 카페 > 전통찻집,서울 종로구 관훈동 30-1,서울 종로구 인사동10길 11-4,02-733-4448,126.98544221019,37.5744422495732,http://place.map.kakao.com/21233626,배화여자대학교 찻집,2017,774,KEEP
즐거운찻집,음식점 > 카페 > 전통찻집,서울 종로구 관훈동 146-2,서울 종로구 인사동길 55-2,,126.983581056988,37.5749465624177,http://place.map.kakao.com/1412260445,배화여자대학교 찻집,11537,6941,KEEP
전통찻집 인사동,음식점 > 카페 > 전통찻집,서울 종로구 관훈동 196-5,서울 종로구 인사동길 33-1,02-723-4909,126.9854423883843,37.57352683887668,http://place.map.kakao.com/20056529,배화여자대학교 찻집,5211,10460,KEEP
신옛찻집,음식점 > 카페 > 전통찻집,서울 종로구 관훈동 164,서울 종로구 인사동길 47-8,02-732-5257,126.983907231673,37.5742474354404,http://place.map.kakao.com/8414730,배화여자대학교 찻집,104,612,KEEP
보이차전문점 명가원,음식점 > 카페 > 전통찻집,서울 종로구 안국동 175-56,서울 종로구 윤보선길 19-18,02-736-5705,126.983545436749,37.5773432027457,http://place.map.kakao.com/1269904775,배화여자대학교 찻집,166,5,KEEP
나무새찻집,음식점 > 카페 > 전통찻집,서울 종로구 관훈동 173,서울 종로구 인사동길 47-9,,126.984038560759,37.5741771756783,http://place.map.kakao.com/1740702672,배화여자대학교 찻집,90,240,KEEP
이원전통찻집,음식점 > 카페 > 전통찻집,서울 종로구 청진동 2-2,서울 종로구 삼봉로 60,,126.980425659419,37.5722791366222,http://place.map.kakao.com/1535993532,배화여자대학교 찻집,54,106,KEEP
도채비도반한찻집,음식점 > 카페 > 전통찻집,서울 종로구 관훈동 185,서울 종로구 인사동길 45,02-720-5387,126.984423443888,37.5741898410164,http://place.map.kakao.com/16042280,배화여자대학교 찻집,94,274,KEEP
인티맥스 휴다인,음식점 > 카페 > 전통찻집,서울 종로구 견지동 19,서울 종로구 우정국로 65-6,02-3210-0118,126.982426382768,37.5749680200468,http://place.map.kakao.com/15247695,배화여자대학교 찻집,5,0,KEEP
수요일,음식점 > 카페 > 전통찻집,서울 종로구 관훈동 23,서울 종로구 인사동길 36,02-723-0191,126.9854151675,37.5737971339721,http://place.map.kakao.com/7957823,배화여자대학교 찻집,159544,128502,KEEP
일광정사,음식점 > 카페 > 전통찻집,서울 종로구 견지동 81,서울 종로구 인사동11길 22,02-733-2325,126.983540540338,37.573872571052,http://place.map.kakao.com/19322273,배화여자대학교 찻집,251,117,KEEP
머무름,음식점 > 카페 > 전통찻집,서울 종로구 관훈동 66,서울 종로구 인사동12길 5,,126.98475393117,37.5744926183951,http://place.map.kakao.com/136174693,배화여자대학교 찻집,1097,1060,KEEP
보성전통찻집,음식점 > 카페 > 전통찻집,서울 종로구 공평동 130-1,서울 종로구 종로7길 47,,126.982789383446,37.5717028680163,http://place.map.kakao.com/252651837,배화여자대학교 찻집,2188,551,KEEP
차차티클럽 북촌라운지,음식점 > 카페 > 전통찻집,서울 종로구 계동 15-6,서울 종로구 계동길 103-7,070-4184-4758,126.986302312897,37.581895376215,http://place.map.kakao.com/224544670,배화여자대학교 찻집,4051,2847,KEEP
꽃담 인사동본점,음식점 > 카페 > 전통찻집,서울 종로구 인사동 168,서울 종로구 인사동길 19-2,02-730-4120,126.986325511411,37.572665593314,http://place.map.kakao.com/204990635,배화여자대학교 찻집,29,36,KEEP
흐린세상건너기,음식점 > 카페 > 전통찻집,서울 종로구 관훈동 84-20,서울 종로구 인사동14길 20,,126.985188551843,37.5748746954755,http://place.map.kakao.com/10962703,배화여자대학교 찻집,4119,101,KEEP
인산인해,음식점 > 카페 > 전통찻집,서울 종로구 인사동 182-1,서울 종로구 인사동길 27-1,,126.985940548743,37.5731160455798,http://place.map.kakao.com/15682271,배화여자대학교 찻집,7435,7366,KEEP
사람과나무,음식점 > 카페 > 전통찻집,서울 종로구 관훈동 5,서울 종로구 인사동6길 5,,126.98621217779186,37.57339358405024,http://place.map.kakao.com/1746689300,배화여자대학교 찻집,105353,359,KEEP
풍경이있는전통찻집커피,음식점 > 카페 > 전통찻집,서울 종로구 관훈동 197-4,서울 종로구 인사동길 29,,126.985808079336,37.57324937697804,http://place.map.kakao.com/25036504,배화여자대학교 찻집,186042,141206,KEEP
끽다거,음식점 > 카페 > 전통찻집,서울 종로구 계동 115-1,서울 종로구 북촌로4길 27,02-733-9746,126.98664692344546,37.57942128676985,http://place.map.kakao.com/8820159,배화여자대학교 찻집,1096,92,KEEP
바람부는섬,음식점 > 카페 > 전통찻집,서울 종로구 인사동 30-1,서울 종로구 인사동길 20,,126.986764751256,37.5725178801925,http://place.map.kakao.com/12447627,배화여자대학교 찻집,2832,2522,KEEP
한경헌,음식점 > 카페 > 전통찻집,서울 종로구 가회동 11-61,서울 종로구 창덕궁길 170,02-742-7769,126.986577185881,37.5832072543151,http://place.map.kakao.com/21911252,배화여자대학교 찻집,13,18,KEEP
청호다원,음식점 > 카페 > 전통찻집,서울 종로구 견지동 74-8,서울 종로구 우정국로 58,,126.983132944375,37.5741896636862,http://place.map.kakao.com/658998228,배화여자대학교 찻집,1294,142,KEEP
로댕찻집,음식점 > 카페 > 전통찻집,서울 종로구 관훈동 107-1,서울 종로구 인사동16길 8-4,02-734-0414,126.984536456315,37.5751052664883,http://place.map.kakao.com/25043563,배화여자대학교 찻집,49,18,KEEP
편강율플래그십&티하우스,음식점 > 카페,서울 종로구 소격동 25-1,서울 종로구 북촌로5가길 35-4,070-8844-0998,126.98121811311,37.5810468417353,http://place.map.kakao.com/188885145,청운효자동 티하우스,936,604,KEEP
로네펠트티하우스 광화문점,음식점 > 카페,서울 종로구 신문로1가 115,서울 종로구 새문안로 76,02-6744-0193,126.97332556672318,37.56984145474987,http://place.map.kakao.com/1529320134,독립문역 티하우스,7015,1,KEEP
티하우스일지,음식점 > 카페,서울 종로구 안국동 56,서울 종로구 윤보선길 38,0502-5551-1200,126.983834035177,37.5777045413115,http://place.map.kakao.com/1663323452,배화여자대학교 티하우스,18422,22,KEEP
티하우스 일지,음식점 > 카페,서울 종로구 견지동 68-1,서울 종로구 인사동11길 23,,126.983427383431,37.5736725343622,http://place.map.kakao.com/1830989544,배화여자대학교 티하우스,18422,22,KEEP
룩아워티with 한삼인카페 서대문점,음식점 > 카페,서울 중구 충정로1가 85,서울 중구 통일로 120,02-733-0132,126.967546419867,37.5658576064926,http://place.map.kakao.com/445054748,독립문역 티카페,3438,1475,KEEP
청운다원,음식점 > 카페 > 전통찻집,서울 종로구 관훈동 197-24,서울 종로구 인사동7길 6,,126.985782058343,37.573170086294,http://place.map.kakao.com/1871608973,배화여자대학교 다원,2332,155,KEEP
란비,음식점 > 카페,서울 서대문구 홍제동 330-116,서울 서대문구 통일로39가길 31,070-4099-4135,126.94250113312154,37.58932887360587,http://place.map.kakao.com/67753695,홍제역 찻집,27,17,KEEP
카페커퍼티,음식점 > 카페,서울 서대문구 남가좌동 322-21,서울 서대문구 명지대길 29,0507-1855-5180,126.9244812909789,37.58162604315908,http://place.map.kakao.com/1789961089,홍제역 티카페,6,1,KEEP
수연산방,음식점 > 카페 > 전통찻집,서울 성북구 성북동 248,서울 성북구 성북로26길 8,02-764-1736,126.99483655959386,37.59507217364634,http://place.map.kakao.com/7940056,평창동 찻집,763,2107,KEEP
다음,음식점 > 카페 > 전통찻집,서울 성북구 성북동 297-1,서울 성북구 성북로26길 35,02-765-0706,126.9935660310772,37.59565775572466,http://place.map.kakao.com/547363970,평창동 찻집,5570350,2062286,KEEP
다원,음식점 > 카페,서울 성북구 성북동 330-115,서울 성북구 대사관로 3,02-765-3000,126.984142356361,37.5971759372676,http://place.map.kakao.com/18845708,평창동 다원,649368,16593,KEEP
다라니다원,음식점 > 카페,서울 성북구 성북동 321-3,서울 성북구 선잠로5길 68,,126.9934865102228,37.59860489378696,http://place.map.kakao.com/1004261191,평창동 다원,595,42,KEEP
사모,음식점 > 카페 > 전통찻집,서울 종로구 원서동 55,서울 종로구 창덕궁길 106-1,,126.989577528255,37.5822380883867,http://place.map.kakao.com/136221125,가회동 찻집,7931,9526,KEEP
심우방,음식점 > 카페 > 전통찻집,서울 종로구 관훈동 70,서울 종로구 인사동12길 1,,126.984532064606,37.5744457378074,http://place.map.kakao.com/7984617,가회동 찻집,23,27,KEEP
뜰안,음식점 > 카페 > 전통찻집,서울 종로구 익선동 166-76,서울 종로구 수표로28길 17-35,02-745-7420,126.9893817511,37.5736822300454,http://place.map.kakao.com/7858535,가회동 찻집,9209,2303,KEEP
명장지가,음식점 > 카페 > 전통찻집,서울 종로구 경운동 66-5,서울 종로구 인사동10길 23,,126.98629348168802,37.5744874012164,http://place.map.kakao.com/746368716,가회동 찻집,136,23,KEEP
지유명차 종로점,음식점 > 카페 > 전통찻집,서울 종로구 와룡동 151-2,서울 종로구 돈화문로 79,02-762-5634,126.99048861685668,37.57556540335334,http://place.map.kakao.com/10774084,가회동 찻집,427,3,KEEP
민들레전통찻집,음식점 > 카페 > 전통찻집,서울 종로구 관훈동 192-36,서울 종로구 인사동길 37-3,02-733-5500,126.9850121982444,37.57366373625709,http://place.map.kakao.com/425879322,가회동 찻집,519,980,KEEP
초당다실,음식점 > 카페 > 전통찻집,서울 종로구 관훈동 177,서울 종로구 인사동11길 16,,126.983893712656,37.5739446993497,http://place.map.kakao.com/10841305,가회동 찻집,245,48,KEEP
오가다 종로2가인사동점,음식점 > 카페 > 전통찻집 > 오가다,서울 종로구 인사동 137-2,서울 종로구 인사동길 9,02-736-6923,126.98686699829813,37.57171276239972,http://place.map.kakao.com/760212521,광화문역 찻집,33,5,KEEP
내마음의풍경,음식점 > 카페 > 전통찻집,서울 종로구 인사동 154-10,서울 종로구 인사동길 15-11,0507-1344-5917,126.986070924003,37.5720682038319,http://place.map.kakao.com/770745825,광화문역 찻집,821498,69,KEEP
의전방,음식점 > 카페 > 전통찻집,서울 종로구 수송동 58,서울 종로구 삼봉로 81,,126.981829293242,37.5724091042983,http://place.map.kakao.com/15403732,광화문역 찻집,1,86,KEEP
다인,음식점 > 카페 > 전통찻집,서울 중구 북창동 11-4,서울 중구 세종대로18길 16-3,,126.978190278457,37.5635003434677,http://place.map.kakao.com/1792368718,광화문역 찻집,20471,13506,KEEP
로네펠트 티하우스 동대문점,음식점 > 카페,서울 중구 을지로5가 92-2,서울 중구 을지로 224,0502-5553-0765,127.0028750342908,37.56666391845504,http://place.map.kakao.com/107164111,가회동 티하우스,6390,0,KEEP
슬로운,음식점 > 카페,서울 종로구 권농동 133,서울 종로구 율곡로10길 15-5,0507-1483-3692,126.991259388963,37.5768124392837,http://place.map.kakao.com/1751396392,가회동 티하우스,622,248,KEEP
티카페 서울대학교병원 암병원점,음식점 > 카페,서울 종로구 연건동 28-21,서울 종로구 대학로 101,,126.997673561578,37.5787913232575,http://place.map.kakao.com/2140251653,가회동 티카페,11840,8,KEEP
티카페,음식점 > 카페,서울 종로구 연건동 128,서울 종로구 대학로 71,,127.00151471127184,37.57775969815928,http://place.map.kakao.com/21547733,가회동 티카페,42480,3607,KEEP
종묘전통다원,음식점 > 카페,서울 종로구 봉익동 38-4,서울 종로구 서순라길 39,02-2263-1416,126.993420883264,37.5722913880274,http://place.map.kakao.com/2069498835,가회동 다원,671,87,KEEP
더쌍화 본사,음식점 > 카페 > 전통찻집,서울 종로구 종로5가 265-18,서울 종로구 종로 252-16,070-5101-7755,127.0057277313081,37.57059215546308,http://place.map.kakao.com/308983214,혜화역 찻집,6,747,KEEP
문경새재,음식점 > 카페 > 전통찻집,서울 종로구 창신동 464-16,서울 종로구 종로46길 5,02-763-6407,127.010971081631,37.5712675310865,http://place.map.kakao.com/25745193,혜화역 찻집,2531,3335,KEEP
한옥카페 숙임당,음식점 > 카페 > 전통찻집,서울 성북구 보문동5가 252-7,서울 성북구 보문로13가길 34-1,0502-1946-6042,127.021027043294,37.5816176931423,http://place.map.kakao.com/1475056173,혜화역 찻집,1,15,KEEP
지유명차 인사점,음식점 > 카페 > 전통찻집,서울 종로구 인사동 43,서울 종로구 인사동길 12,02-736-5634,126.98724481352,37.5719449001715,http://place.map.kakao.com/10007786,종로3가역 찻집,261,0,KEEP
연화정,음식점 > 카페 > 전통찻집,서울 종로구 인사동 155,서울 종로구 인사동길 15-3,02-739-1811,126.986524838469,37.5721322271674,http://place.map.kakao.com/15897086,종로3가역 찻집,506,357,KEEP
성차사진품보이차,음식점 > 카페 > 전통찻집,서울 종로구 인사동 147,서울 종로구 인사동길 11-1,02-966-5284,126.9866811022754,37.571852936411055,http://place.map.kakao.com/1249347313,종로3가역 찻집,273,3,KEEP
푸얼방장,음식점 > 카페 > 전통찻집,서울 종로구 인사동 16-2,서울 종로구 인사동4길 6,02-720-0720,126.9866605103,37.5730656734109,http://place.map.kakao.com/8642836,종로3가역 찻집,33,1,KEEP
이원전통찻집,음식점 > 카페 > 전통찻집,서울 종로구 인사동 220-2,서울 종로구 종로11길 29,02-730-9711,126.985551440529,37.5715626831259,http://place.map.kakao.com/21392435,종로3가역 찻집,54,106,KEEP
리작가,음식점 > 카페 > 전통찻집,서울 종로구 인사동 34-22,서울 종로구 인사동길 20-14,,126.987295657872,37.572503522593,http://place.map.kakao.com/1208444044,종로3가역 찻집,0,4,REMOVE
다정차끓이는솥,음식점 > 카페 > 전통찻집,서울 종로구 인사동 178-2,서울 종로구 인사동5길 3,02-332-1542,126.98599494080104,37.572816921719024,http://place.map.kakao.com/1444274349,종로3가역 찻집,4621,3349,KEEP
차향가,음식점 > 카페 > 전통찻집,서울 종로구 인사동 181-1,서울 종로구 인사동길 25,02-739-7300,126.986062821628,37.5730259605843,http://place.map.kakao.com/9435926,종로3가역 찻집,2604,42,KEEP
궁전전통찻집,음식점 > 카페 > 전통찻집,서울 은평구 대조동 9-12,서울 은평구 불광로 25-1,,126.928581178989,37.6107774630865,http://place.map.kakao.com/330579530,불광역 찻집,571,259,KEEP
수무카,음식점 > 카페 > 전통찻집,서울 중구 중림동 69-9,서울 중구 청파로 437,,126.969034453818,37.5586266076669,http://place.map.kakao.com/1752228511,무악동 찻집,16,0,KEEP
라오상하이 신촌점,음식점 > 카페 > 전통찻집,서울 서대문구 창천동 2-7,서울 서대문구 연세로12길 27,02-715-1542,126.93850426397204,37.559091280804665,http://place.map.kakao.com/15718891,무악동 찻집,551,2,KEEP
숭례문전통찻집,음식점 > 카페 > 전통찻집,서울 중구 남창동 34-69,서울 중구 남대문시장길 12-7,02-772-9077,126.97678565031,37.5598384251471,http://place.map.kakao.com/938335062,무악동 찻집,35,70,KEEP
다도레 티룸,음식점 > 카페 > 전통찻집,서울 서대문구 연희동 133-30,서울 서대문구 증가로 13-9,02-6407-0705,126.931114626045,37.5691324067676,http://place.map.kakao.com/1691885235,무악동 티룸,690,17,KEEP
클로리스 신촌점,음식점 > 카페,서울 서대문구 창천동 13-35,서울 서대문구 연세로4길 38,02-392-7523,126.93874867003971,37.55778225913004,http://place.map.kakao.com/8122805,무악동 티카페,194,9,KEEP
민속찻집,음식점 > 카페 > 전통찻집,서울 중구 남창동 34-134,서울 중구 남대문시장길 22-14,02-778-7772,126.97707429269,37.5597294609205,http://place.map.kakao.com/15973023,교남동 찻집,2907,3536,KEEP
운비차실,음식점 > 카페 > 전통찻집,서울 중구 회현동1가 172-4,서울 중구 퇴계로6길 17,010-7367-8357,126.978550803325,37.5574772455228,http://place.map.kakao.com/104185466,교남동 찻집,89,0,KEEP
보이차,음식점 > 카페 > 전통찻집,서울 종로구 견지동 110-43,서울 종로구 우정국로 43,02-737-8407,126.98276874875148,37.57282730684326,http://place.map.kakao.com/613772061,교남동 찻집,550132,24505,KEEP
티룸 로제티,음식점 > 카페,서울 용산구 후암동 303-2,서울 용산구 후암로28바길 3,02-6494-1742,126.98017371338898,37.54908383217298,http://place.map.kakao.com/1137453582,교남동 티룸,163,5,KEEP
세라젬카페오가다 왕십리점,음식점 > 카페 > 전통찻집 > 오가다,서울 중구 황학동 1104,서울 중구 마장로 119,,127.02321803571586,37.56806902585513,http://place.map.kakao.com/564790227,숭인2동 찻집,172,163,KEEP
선길,음식점 > 카페 > 전통찻집,서울 동대문구 용두동 127-7,서울 동대문구 천호대로16길 16,0503-7153-0782,127.031166256283,37.5731343926897,http://place.map.kakao.com/1855984600,숭인2동 찻집,26,43,KEEP
참다정,음식점 > 카페 > 전통찻집,서울 동대문구 제기동 1082,서울 동대문구 약령중앙로 26,02-960-0360,127.0373098837282,37.580456793803535,http://place.map.kakao.com/423043631,숭인2동 찻집,16973,18924,KEEP
지유명차 신당점,음식점 > 카페 > 전통찻집,서울 중구 신당동 403-43,서울 중구 청구로 95,010-5037-4749,127.0116441136108,37.56083573471791,http://place.map.kakao.com/11783523,숭인2동 찻집,265,1,KEEP
고호재,음식점 > 카페 > 전통찻집,서울 중구 필동2가 80-2,서울 중구 퇴계로36길 10,02-2266-9101,126.994592232018,37.5602199032118,http://place.map.kakao.com/651264224,숭인2동 찻집,266,162,KEEP
참좋은,음식점 > 카페 > 전통찻집,서울 중구 초동 54,서울 중구 마른내로2길 19,02-2273-3001,126.991984196121,37.56353722465157,http://place.map.kakao.com/328150468,숭인2동 찻집,228404,63927,KEEP
차차티클럽 창신한옥,음식점 > 카페,서울 종로구 창신동 461-2,서울 종로구 종로46가길 13,070-4239-0713,127.01136497945254,37.57107828482447,http://place.map.kakao.com/1411540097,숭인2동 찻집,5846,3588,KEEP
엘마드레,음식점 > 카페,서울 성북구 성북동 183-4,서울 성북구 성북로8길 14,010-8654-5173,127.00455286754992,37.59104836899993,http://place.map.kakao.com/1703049395,숭인2동 찻집,5,4,KEEP
에스프레소카페티,음식점 > 카페,서울 성동구 행당동 347,서울 성동구 행당로 75,,127.028556594514,37.5572631050728,http://place.map.kakao.com/14511332,숭인2동 티카페,47,7,KEEP
정진보이차,음식점 > 카페 > 전통찻집,서울 종로구 견지동 68-18,서울 종로구 우정국로 52,010-4117-3893,126.98314439532508,37.57360942465669,http://place.map.kakao.com/1239607293,사직동 찻집,1153,59,KEEP
흙다방,음식점 > 카페 > 전통찻집,서울 중구 을지로2가 149-10,서울 중구 을지로 지하 88,02-6748-8000,126.986868880059,37.5661523585111,http://place.map.kakao.com/587969428,소공동 찻집,6,46,KEEP
사랑채,음식점 > 카페 > 전통찻집,서울 중구 장교동 1,서울 중구 삼일대로 363,02-752-0887,126.9870509416448,37.56715518708459,http://place.map.kakao.com/109214681,소공동 찻집,6393,7700,KEEP
예평,음식점 > 카페 > 전통찻집,서울 용산구 이태원동 227-28,서울 용산구 회나무로25길 1,010-5121-4990,126.9914458660238,37.53994274674658,http://place.map.kakao.com/1965953969,회현동 찻집,858,65,KEEP
티하우스일지 한남점,음식점 > 카페 > 전통찻집,서울 용산구 한남동 745-6,서울 용산구 이태원로45길 22,,126.9984397332,37.5365543842281,http://place.map.kakao.com/659721597,회현동 티하우스,19405,0,KEEP
델픽 안국플래그십스토어,"서비스,산업 > 식품 > 음료,주류제조 > 차,커피",서울 종로구 계동 133-6,서울 종로구 계동길 84-3,02-742-9147,126.9869692521386,37.58125034027411,http://place.map.kakao.com/1025005200,숭인1동 티카페,2858,1901,KEEP
보성다원,"서비스,산업 > 식품 > 음료,주류제조 > 차,커피",서울 중구 필동2가 37-1,서울 중구 퇴계로 224,,126.996672430518,37.5615804853488,http://place.map.kakao.com/130459449,숭인1동 다원,9865,117,KEEP
오므오트,음식점 > 카페 > 전통찻집,서울 성동구 성수동1가 685-345,서울 성동구 서울숲2길 12,010-2425-9192,127.039945805106,37.5472226825663,http://place.map.kakao.com/427863656,황학동 찻집,1243,35,KEEP
티룸,음식점 > 카페,서울 성동구 성수동1가 685-317,서울 성동구 서울숲길 52,,127.043205250676,37.5479351259773,http://place.map.kakao.com/137252852,황학동 티룸,155903,39119,KEEP
리브르 티하우스 성수,음식점 > 카페,서울 성동구 성수동1가 668-64,서울 성동구 서울숲4길 20,,127.043012447699,37.5471909713625,http://place.map.kakao.com/1245434322,황학동 티하우스,20068,2,KEEP
지유명차 용산점,음식점 > 카페 > 전통찻집,서울 용산구 용문동 32-28,서울 용산구 새창로20길 3,0507-1320-9043,126.959455866271,37.5383242073277,http://place.map.kakao.com/1889234298,원효로2동 찻집,633,3,KEEP
온넬,음식점 > 카페 > 전통찻집,서울 용산구 한강로3가 100,서울 용산구 한강대로 37,,126.963086633232,37.5248247953496,http://place.map.kakao.com/1962040935,원효로2동 찻집,4,1,KEEP
무심헌 용산점,음식점 > 카페 > 전통찻집,서울 용산구 한강로2가 113-2,서울 용산구 한강대로44길 10,02-6101-2125,126.9704126018484,37.53091042221498,http://place.map.kakao.com/1973316063,원효로2동 찻집,93,0,KEEP
다인전통찻집,음식점 > 카페 > 전통찻집,서울 마포구 대흥동 12-1,서울 마포구 신촌로 182,,126.945667012953,37.556443159523,http://place.map.kakao.com/213867029,원효로2동 찻집,494,514,KEEP
사랑방,음식점 > 카페 > 전통찻집,서울 영등포구 여의도동 35-2,서울 영등포구 국제금융로6길 30,,126.926574475482,37.521765955821,http://place.map.kakao.com/8343896,원효로2동 찻집,10621,12864,KEEP
지유명차 여의도점,음식점 > 카페 > 전통찻집,서울 영등포구 여의도동 36-2,서울 영등포구 국제금융로6길 33,010-7685-1707,126.9269148023,37.5207822719756,http://place.map.kakao.com/1611344386,원효로2동 찻집,511,9,KEEP
더느림카페,음식점 > 카페 > 전통찻집,서울 서대문구 대현동 54-28,서울 서대문구 이화여대2가길 19,,126.94606860879,37.5582561501111,http://place.map.kakao.com/966130598,원효로2동 찻집,2259,1086,KEEP
대현동전통찻집,음식점 > 카페 > 전통찻집,서울 서대문구 대현동 27-20,서울 서대문구 신촌역로 16,,126.943156720096,37.5580313368353,http://place.map.kakao.com/1704692758,원효로2동 찻집,62,26,KEEP
차향기,음식점 > 카페 > 전통찻집,서울 영등포구 여의도동 35-5,서울 영등포구 여의나루로 42,02-785-9181,126.924991155576,37.5213721237516,http://place.map.kakao.com/24484049,원효로2동 찻집,10360,2987,KEEP
박수진전통찻집,음식점 > 카페 > 전통찻집,서울 영등포구 여의도동 14-24,서울 영등포구 국회대로68길 11,,126.919686389764,37.5292091553224,http://place.map.kakao.com/581976470,원효로2동 찻집,12,19,KEEP
사유공간찻집,음식점 > 카페,서울 용산구 용산동6가 168-6,서울 용산구 서빙고로 137,02-749-6013,126.9818547006514,37.52364885686195,http://place.map.kakao.com/1254378703,원효로2동 찻집,12211,167,KEEP
티하우스레몬 신용산,음식점 > 카페,서울 용산구 한강로2가 422,서울 용산구 한강대로 95,02-798-9008,126.9674908159398,37.52970321313072,http://place.map.kakao.com/2137344875,원효로2동 티하우스,95004,7,KEEP
오설록 티하우스 용산파크점,음식점 > 카페 > 오설록 티하우스,서울 용산구 한강로2가 424,서울 용산구 한강대로 100,070-5172-1170,126.9688489173758,37.52852957402794,http://place.map.kakao.com/1952344807,원효로2동 티하우스,5088,2129,KEEP
산수화 티하우스,음식점 > 카페 > 전통찻집,서울 용산구 한남동 68-27,서울 용산구 한남대로20길 21-14,02-749-3138,127.008902085488,37.5353142821435,http://place.map.kakao.com/26965498,필동 티하우스,2254,24,KEEP
팔공티 용산아이파크몰점,음식점 > 카페 > 팔공티,서울 용산구 한강로3가 40-999,서울 용산구 한강대로23길 55,,126.964322282747,37.5289418530856,http://place.map.kakao.com/1643221814,한강로동 티카페,1455,555,KEEP
세라젬카페오가다 신사점,음식점 > 카페 > 전통찻집 > 오가다,서울 강남구 신사동 549-5,서울 강남구 압구정로 140,02-3445-0325,127.023996456712,37.5246371136363,http://place.map.kakao.com/108066694,이태원1동 찻집,126,128,KEEP
위긴티식스,음식점 > 카페,서울 용산구 이태원동 63-4,서울 용산구 이태원로14길 19,070-8869-2316,126.990794910744,37.5335302772141,http://place.map.kakao.com/2059596566,이태원1동 티카페,1,0,KEEP
찻집 달리아,음식점 > 카페 > 전통찻집,서울 강남구 신사동 567-22,서울 강남구 압구정로28길 48,010-6327-7834,127.027444096515,37.5233677514146,http://place.map.kakao.com/2049545299,서빙고동 찻집,86,21,KEEP
지유명차 압구정점,음식점 > 카페 > 전통찻집,서울 강남구 신사동 583-3,서울 강남구 논현로 841,02-595-7555,127.0278799189602,37.52415152148452,http://place.map.kakao.com/806891065,서빙고동 찻집,259,0,KEEP
티하우스레몬 신반포점,음식점 > 카페,서울 서초구 반포동 19-4,서울 서초구 신반포로 194,02-595-6209,127.00705170846663,37.50606695004771,http://place.map.kakao.com/545511724,서빙고동 티하우스,89591,0,KEEP
아도 티하우스 계영배점,음식점 > 카페 > 전통찻집,서울 강남구 신사동 616-6,서울 강남구 언주로173길 16,0507-1354-7490,127.0321634729324,37.528186921983256,http://place.map.kakao.com/901731227,응봉동 찻집,1338,0,KEEP
맥파이앤타이거 성수티룸,음식점 > 카페,서울 성동구 성수동2가 315-108,서울 성동구 성수이로 97,010-7431-5090,127.05658454691908,37.54364792526845,http://place.map.kakao.com/1492088819,응봉동 티룸,25903,18371,KEEP
행복한뜨락,음식점 > 카페 > 전통찻집,서울 광진구 자양동 236,서울 광진구 동일로 56,010-9492-0450,127.0619251505675,37.53776892491227,http://place.map.kakao.com/604878835,성수1가2동 찻집,644,415,KEEP
소로차실,음식점 > 카페 > 전통찻집,서울 강남구 청담동 119-8,서울 강남구 압구정로79길 8,,127.04776007676,37.5249596615398,http://place.map.kakao.com/1963987991,성수1가2동 찻집,197,5,KEEP
티하우스 하다,음식점 > 카페,서울 강남구 청담동 16,서울 강남구 선릉로146길 54,,127.0440722846174,37.52138051126469,http://place.map.kakao.com/976913732,성수1가2동 티하우스,119851,290,KEEP
다루,음식점 > 카페 > 전통찻집,서울 광진구 중곡동 244-27,서울 광진구 능동로43길 38,010-2387-5675,127.079680751221,37.5617518638381,http://place.map.kakao.com/32633515,용답동 찻집,1151,624,KEEP
로해서울,음식점 > 카페 > 전통찻집,서울 강남구 삼성동 59-17,서울 강남구 영동대로129길 20,,127.055731917847,37.5185563467127,http://place.map.kakao.com/2131434744,성수2가1동 찻집,36,6,KEEP
지유명차 청담점,음식점 > 카페 > 전통찻집,서울 강남구 삼성동 1-4,서울 강남구 선릉로 670,02-517-5634,127.041748409823,37.5166889311328,http://place.map.kakao.com/18176517,성수2가1동 찻집,267,2,KEEP
봉은사 연회다원,음식점 > 카페 > 전통찻집,서울 강남구 삼성동 73,서울 강남구 봉은사로 531,02-3218-4970,127.05728004208191,37.51500024649973,http://place.map.kakao.com/407185168,성수2가1동 찻집,1053,245,KEEP
보이다원,음식점 > 카페 > 전통찻집,서울 강남구 삼성동 24-21,서울 강남구 삼성로115길 16-5,02-545-3983,127.05049101479,37.5149546894921,http://place.map.kakao.com/1457443107,성수2가1동 찻집,9065,316,KEEP
토끼의시골집,음식점 > 카페,서울 광진구 자양동 598-8,서울 광진구 뚝섬로46길 39,0507-1485-0773,127.076629580381,37.5310325268049,http://place.map.kakao.com/1602893273,성수2가1동 티룸,55480,382,KEEP
티하우스 청담,음식점 > 카페,서울 강남구 삼성동 57-11,서울 강남구 삼성로120길 52-1,010-2734-4109,127.05462588419054,37.51890825465803,http://place.map.kakao.com/842804455,성수2가1동 티하우스,23757,61,KEEP
녹원,음식점 > 카페 > 전통찻집,서울 동대문구 회기동 16-43,서울 동대문구 경희대로 14,02-6081-2018,127.05273793630664,37.592771985615606,http://place.map.kakao.com/8232347,청계천박물관 찻집,2804,1592,KEEP
행복전통차,음식점 > 카페 > 전통찻집,서울 송파구 신천동 7,서울 송파구 올림픽로35길 104,0502-5552-6915,127.103770483815,37.5200366940963,http://place.map.kakao.com/1253367354,자양2동 찻집,8617,13050,KEEP
고호재 잠실 롯데월드몰점,음식점 > 카페 > 전통찻집,서울 송파구 신천동 29,서울 송파구 올림픽로 300,02-3213-4561,127.10448202125885,37.51355605203969,http://place.map.kakao.com/400486337,자양2동 찻집,15438,1491,KEEP
로네펠트티하우스 코엑스점,음식점 > 카페,서울 강남구 삼성동 159,서울 강남구 영동대로 513,02-551-1823,127.05970168588811,37.51062827671764,http://place.map.kakao.com/26897614,자양2동 티하우스,6861,5,KEEP
수제전통차 제이유,음식점 > 카페 > 전통찻집,서울 중랑구 면목동 185-66,서울 중랑구 망우로30길 47,010-9996-1208,127.07534738425666,37.5913649826614,http://place.map.kakao.com/1057953101,중곡3동 찻집,0,21,REMOVE
티하우스일지 현대백화점무역센터점,음식점 > 카페 > 전통찻집,서울 강남구 삼성동 159-7,서울 강남구 테헤란로 517,,127.059799582126,37.5085766398773,http://place.map.kakao.com/318735925,자양4동 찻집,191543,141802,KEEP
수잔라메종 티룸,음식점 > 카페,서울 강남구 삼성동 117-16,서울 강남구 봉은사로78길 8,,127.052660821745,37.512184055892,http://place.map.kakao.com/1586511568,자양4동 티룸,1072,219,KEEP
하루의에프터눈티,음식점 > 카페,서울 광진구 중곡동 69-18,서울 광진구 긴고랑로 153,,127.091985726576,37.5587741343468,http://place.map.kakao.com/577760983,중곡4동 티카페,334718,8,KEEP
정성찻집,음식점 > 카페 > 전통찻집,서울 강동구 천호동 288-28,서울 강동구 상암로12길 9,02-470-9278,127.128483973837,37.5491759716047,http://place.map.kakao.com/1303524998,광장동 찻집,13641,14162,KEEP
티하우스,음식점 > 카페,서울 강동구 암사동 504-1,서울 강동구 상암로5길 77,010-2957-2932,127.1280968862,37.5537651732943,http://place.map.kakao.com/1242236586,광장동 티하우스,1207297,2849,KEEP
카페티에드,음식점 > 카페 > 커피전문점,서울 강동구 천호동 409-50,서울 강동구 천호대로157길 52,02-475-0011,127.127986033872,37.5398980274511,http://place.map.kakao.com/868075887,광장동 티카페,36,7,KEEP
별찻집커피,음식점 > 카페,서울 중랑구 중화동 302-49,서울 중랑구 동일로123길 34,,127.078190509343,37.5978367569829,http://place.map.kakao.com/1564806108,회기역 찻집,4927,2112,KEEP
양원재,음식점 > 카페 > 전통찻집,서울 중랑구 중화동 450,서울 중랑구 동일로 752,010-7914-8809,127.08068681169964,37.59729538323916,http://place.map.kakao.com/194615257,회기동 찻집,80,7,KEEP
T&J카페,음식점 > 카페 > 전통찻집,서울 성북구 종암동 81-49,서울 성북구 종암로21길 89,02-925-2470,127.0316041238,37.602077765431,http://place.map.kakao.com/886857810,회기동 찻집,5,2,KEEP
티그라운드,음식점 > 카페,서울 동대문구 장안동 315-18,서울 동대문구 사가정로 272,02-6014-0770,127.0750785259166,37.579585573456704,http://place.map.kakao.com/27259173,장안2동 티카페,8386,2710,KEEP
티하우스나니,음식점 > 카페 > 전통찻집,서울 중랑구 신내동 493-46,서울 중랑구 용마산로117길 26,02-433-2726,127.09883697749932,37.6003107103283,http://place.map.kakao.com/119112939,이문1동 찻집,49630,138,KEEP
지유명차 미아점,음식점 > 카페 > 전통찻집,서울 강북구 미아동 197-19,서울 강북구 솔매로49길 8,,127.02687034896162,37.62676602561428,http://place.map.kakao.com/141289892,월곡1동 찻집,208,1,KEEP
무위산방,음식점 > 카페 > 전통찻집,서울 성북구 정릉동 820-4,서울 성북구 보국문로 195,,126.999510684857,37.617532160889,http://place.map.kakao.com/1165866558,길상사 찻집,335,24,KEEP
마을찻집고운울림,음식점 > 카페,서울 강북구 수유동 498-16,서울 강북구 인수봉로 159,070-4119-4116,127.012167745227,37.6348773326851,http://place.map.kakao.com/897190632,정릉3동 찻집,3495,2767,KEEP
마을찻집 마주이야기,음식점 > 카페,서울 강북구 수유동 435-50,서울 강북구 인수봉로55길 10,070-8615-6011,127.012304025716,37.6368666941643,http://place.map.kakao.com/1790001043,정릉4동 찻집,48568,35984,KEEP
연화 전통찻집,음식점 > 카페 > 전통찻집,서울 강북구 수유동 254-27,서울 강북구 한천로 1130,,127.019172082958,37.6457197526496,http://place.map.kakao.com/2117800190,수유2동 찻집,239,114,KEEP
다정도병인양,음식점 > 카페 > 전통찻집,서울 강북구 수유동 567-6,서울 강북구 4.19로 41-1,02-990-4190,127.009676852869,37.646977785907296,http://place.map.kakao.com/856213664,수유2동 찻집,108,324,KEEP
티하우스다드림,음식점 > 카페 > 전통찻집,서울 도봉구 창동 338,서울 도봉구 노해로 341,010-2990-2593,127.045905473553,37.6514381283112,http://place.map.kakao.com/1503128545,수유2동 찻집,717,23,KEEP
마이컵오브티,음식점 > 카페,서울 강북구 수유동 472-96,서울 강북구 덕릉로 26-12,,127.016582495307,37.633500088834,http://place.map.kakao.com/1455514165,수유1동 티카페,22815,41,KEEP
지유명차 수락산점,음식점 > 카페 > 전통찻집,서울 노원구 상계동 1120-27,서울 노원구 동일로242길 23,02-409-5634,127.056834246242,37.675618402054,http://place.map.kakao.com/639792307,도봉1동 찻집,204,0,KEEP
카페사계,음식점 > 카페 > 전통찻집,서울 노원구 상계동 1002,서울 노원구 동일로242길 109,,127.061279342721,37.6747539392266,http://place.map.kakao.com/25840568,도봉1동 찻집,3786,312,KEEP
온각,음식점 > 카페 > 전통찻집,서울 영등포구 대림동 721-13,서울 영등포구 대림로27나길 14-1,,126.898161332517,37.4960914774169,http://place.map.kakao.com/927797226,신길5동 찻집,105,222,KEEP
차랑,음식점 > 카페 > 전통찻집,서울 영등포구 대림동 1019-26,서울 영등포구 대림로 101,02-846-5999,126.90311684306,37.4906968125821,http://place.map.kakao.com/67898018,신길5동 찻집,463716,29591,KEEP
지유명차 보라매점,음식점 > 카페 > 전통찻집,서울 영등포구 신길동 4403,서울 영등포구 여의대방로 93-1,,126.916994971741,37.4975189894814,http://place.map.kakao.com/1233440143,신길5동 찻집,209,0,KEEP
아도 티하우스,음식점 > 카페 > 전통찻집,서울 영등포구 문래동2가 17-1,서울 영등포구 도림로125길 16,0507-1364-7490,126.894765384221,37.513044514834,http://place.map.kakao.com/1637094739,신길5동 찻집,1584,6,KEEP
차마루 서울직영점,음식점 > 카페 > 전통찻집,서울 구로구 구로동 741-27,서울 구로구 구로동로26길 54,010-2826-1445,126.88713363881205,37.48992938240054,http://place.map.kakao.com/1109948694,신길5동 찻집,7,19,KEEP
미다원 구로점,음식점 > 카페 > 전통찻집,서울 구로구 구로동 212-8,서울 구로구 디지털로 288,0507-1427-2350,126.8954941810916,37.48356334478871,http://place.map.kakao.com/27387271,신길5동 찻집,0,0,UNKNOWN
지유명차 서부목동점,음식점 > 카페 > 전통찻집,서울 영등포구 양평동3가 1-2,서울 영등포구 양산로 77,02-2672-5634,126.891755342583,37.5249323287511,http://place.map.kakao.com/9419709,신길5동 찻집,58,5,KEEP
다랑,음식점 > 카페 > 전통찻집,서울 영등포구 당산동 173-34,서울 영등포구 국회대로53길 28,02-2646-5592,126.90651133686424,37.52790652375757,http://place.map.kakao.com/500947044,신길5동 찻집,633851,533,KEEP
티하우스 여백,음식점 > 카페,서울 영등포구 당산동2가 30-12,서울 영등포구 영등포로 91,,126.8917456248,37.5222626506212,http://place.map.kakao.com/1736924250,신길5동 티하우스,7204,15,KEEP
오가다 서울마리오아울렛점,음식점 > 카페 > 전통찻집 > 오가다,서울 금천구 가산동 60-22,서울 금천구 디지털로 185,070-8860-7803,126.88730006449792,37.47850115475583,http://place.map.kakao.com/2037414574,대림1동 찻집,111,89,KEEP
찻집 순수,음식점 > 카페,서울 금천구 독산동 991-47,서울 금천구 독산로92길 10,0503-7152-3437,126.90390737861068,37.47381526182761,http://place.map.kakao.com/1966023163,대림1동 찻집,3716,1870,KEEP
지유명차 가산점,"서비스,산업 > 식품 > 음료,주류제조 > 차,커피",서울 금천구 가산동 452-1,서울 금천구 가산디지털2로 143,02-6335-5634,126.87788885533293,37.48078937552354,http://place.map.kakao.com/1878037109,대림1동 찻집,1008,3,KEEP
시원재,음식점 > 카페 > 전통찻집,서울 영등포구 여의도동 17-1,서울 영등포구 국회대로 750,02-782-1468,126.91664407882716,37.52832406578816,http://place.map.kakao.com/13018792,영등포동 찻집,12,49,KEEP
티하우스,음식점 > 카페,서울 영등포구 양평동3가 48,서울 영등포구 선유로 146,02-2068-6489,126.89158119834,37.5272279213934,http://place.map.kakao.com/407209269,영등포동 티하우스,1207297,2849,KEEP
카페진정성 한강편 티하우스 천천히하다 서,음식점 > 카페,서울 영등포구 당산동 71-2,서울 영등포구 선유로 314,02-2633-9507,126.90132196163933,37.53994687777221,http://place.map.kakao.com/781310571,영등포시장역 티하우스,42957,14305,KEEP
지유명차 은평뉴타운점,음식점 > 카페 > 전통찻집,서울 은평구 진관동 105,서울 은평구 진관2로 60,0506-625-1407,126.92316399605392,37.6339816885395,http://place.map.kakao.com/1736201218,불광1동 찻집,111,2,KEEP
비원,음식점 > 카페 > 전통찻집,서울 마포구 성산동 114-7,서울 마포구 월드컵북로12안길 3,070-4035-3254,126.91528227657,37.5620474878147,http://place.map.kakao.com/2142484746,가좌역 찻집,2529,1962,KEEP
동동 찻집,음식점 > 카페 > 전통찻집,서울 마포구 연남동 390-65,서울 마포구 동교로38안길 11,0503-7151-8009,126.924725949482,37.5623881561013,http://place.map.kakao.com/1269050664,가좌역 찻집,2297,5773,KEEP
호랑티티,음식점 > 카페 > 전통찻집,서울 마포구 동교동 204-36,서울 마포구 월드컵북로4길 61,0503-7150-4497,126.922249833871,37.5587870698599,http://place.map.kakao.com/1681824603,가좌역 찻집,216,13,KEEP
지유명차 서교점,음식점 > 카페 > 전통찻집,서울 마포구 서교동 247-206,서울 마포구 잔다리로 128,0503-7150-0356,126.91334332132644,37.55824657768508,http://place.map.kakao.com/595359620,가좌역 찻집,212,0,KEEP
탄정,음식점 > 카페 > 전통찻집,서울 서대문구 연희동 129-6,서울 서대문구 연희로11가길 8-8,010-9717-7061,126.929006762932,37.5681400630355,http://place.map.kakao.com/954722523,가좌역 찻집,26,6,KEEP
어차 연남점,음식점 > 카페 > 전통찻집,서울 마포구 동교동 147-21,서울 마포구 양화로23길 20,070-4110-2027,126.925279125105,37.5592818711369,http://place.map.kakao.com/1963539723,가좌역 찻집,98,5,KEEP
티노마드,음식점 > 카페 > 전통찻집,서울 마포구 망원동 414-83,서울 마포구 포은로 112,02-545-5084,126.904684618711,37.5569559844524,http://place.map.kakao.com/731433223,가좌역 찻집,2222,527,KEEP
아르가,음식점 > 카페 > 전통찻집,서울 서대문구 연희동 132-83,서울 서대문구 연희맛로 31-10,,126.930414838769,37.5681823471688,http://place.map.kakao.com/501058991,가좌역 찻집,182,169,KEEP
두레차,음식점 > 카페 > 전통찻집,서울 마포구 서교동 346-29,서울 마포구 홍익로2길 27,02-338-1543,126.923993396563,37.5548382332964,http://place.map.kakao.com/14707067,가좌역 찻집,395,104,KEEP
커차그,음식점 > 카페 > 전통찻집,서울 마포구 망원동 379-32,서울 마포구 월드컵로13길 19-23,,126.90941660890904,37.55498832760559,http://place.map.kakao.com/41281308,가좌역 찻집,430,3,KEEP
티아레나,음식점 > 카페,서울 서대문구 연희동 133-21,서울 서대문구 연희맛로 43-2,0502-5550-7338,126.931087793186,37.5687701909529,http://place.map.kakao.com/292935948,가좌역 찻집,1369,70,KEEP
조앤도슨티룸,음식점 > 카페,서울 마포구 연남동 241-31,서울 마포구 성미산로29길 24,010-7663-1002,126.92239270609,37.5650761190008,http://place.map.kakao.com/637125338,연희동 티룸,5977,4145,KEEP
포담 티하우스,음식점 > 카페,서울 마포구 연남동 223-111,서울 마포구 성미산로 165-6,02-3144-6680,126.92473033925334,37.56477489783797,http://place.map.kakao.com/1611311586,연희동 티하우스,2384,26,KEEP
베러댄알콜,음식점 > 카페,서울 마포구 망원동 399-44,서울 마포구 희우정로16길 50,070-8251-0466,126.90471685501248,37.55474856717831,http://place.map.kakao.com/163310640,가좌역 티카페,850,16,KEEP
사이,음식점 > 카페,서울 마포구 합정동 200-3,서울 마포구 토정로4길 6-4,0502-5552-7994,126.914497834165,37.5452793559209,http://place.map.kakao.com/475357829,홍대입구역 티룸,912951,1053364,KEEP
명금탕,음식점 > 카페 > 전통찻집,서울 은평구 진관동 205-6,서울 은평구 진관길 5,02-739-0394,126.939150661559,37.6423368390277,http://place.map.kakao.com/1200602899,불광2동 찻집,251,414,KEEP
진관사 연지원,음식점 > 카페 > 전통찻집,서울 은평구 진관동 354,서울 은평구 진관길 73,,126.94660232779133,37.638154472704734,http://place.map.kakao.com/1423199719,불광2동 찻집,60,686,KEEP
산중다원,음식점 > 카페 > 전통찻집,서울 은평구 진관동 303-21,서울 은평구 의상봉길 31,02-371-0707,126.942405574906,37.6530493636747,http://place.map.kakao.com/17063917,진관동 찻집,2733,522,KEEP
전통찻집담소,음식점 > 카페 > 전통찻집,서울 마포구 상암동 1605,서울 마포구 월드컵북로 396,02-2132-8833,126.8897960351835,37.57946340314886,http://place.map.kakao.com/2026712432,북가좌1동 찻집,2123,2880,KEEP
레오폴트스튜디오,음식점 > 카페 > 전통찻집,서울 영등포구 양평동5가 88-4,서울 영등포구 양평로22길 11,,126.894468898197,37.5388426337118,http://place.map.kakao.com/1561964529,서교동 찻집,170,3,KEEP
오가다 강동점,음식점 > 카페 > 전통찻집 > 오가다,서울 강동구 천호동 51-7,서울 강동구 양재대로 1517,070-8691-2459,127.14077210699976,37.5411809164635,http://place.map.kakao.com/782330247,길동 찻집,8,6,KEEP
지유명차 명일점,음식점 > 카페 > 전통찻집,서울 강동구 명일동 242-6,서울 강동구 상암로63길 43,02-455-1298,127.15396364072282,37.54848416526677,http://place.map.kakao.com/216215361,길동 찻집,262,1,KEEP
전통찻집 카페수요일,음식점 > 카페 > 전통찻집,서울 강동구 명일동 47-18,서울 강동구 동남로 891,02-3427-6767,127.1559370546503,37.55330371413975,http://place.map.kakao.com/16704632,길동 찻집,66766,67897,KEEP
수다마실,음식점 > 카페 > 전통찻집,서울 강동구 명일동 48-6,서울 강동구 동남로 885,010-5342-5301,127.15597644000532,37.55265314216527,http://place.map.kakao.com/564693036,길동 찻집,28006,11969,KEEP
오가다 서울강동경희대병원점,음식점 > 카페 > 전통찻집 > 오가다,서울 강동구 상일동 149,서울 강동구 동남로 892,02-440-8945,127.15762664874676,37.55355618253292,http://place.map.kakao.com/649855578,길동 찻집,56,57,KEEP
인사동전통찻집,음식점 > 카페 > 전통찻집,서울 강동구 상일동 242,서울 강동구 상일로7길 12-9,,127.171948336796,37.5503442322828,http://place.map.kakao.com/1061326492,길동 찻집,5212,10462,KEEP
로네펠트티하우스 이케아강동점,음식점 > 카페,서울 강동구 고덕동 353-23,서울 강동구 고덕비즈밸리로 51,,127.157333362387,37.5666600295608,http://place.map.kakao.com/1945894423,고덕1동 티하우스,211,2,KEEP
담소원전통찻집,음식점 > 카페 > 전통찻집,서울 양천구 신월동 535-7,서울 양천구 신월로 185,,126.84334828296922,37.51949545804548,http://place.map.kakao.com/1965583237,신월3동 찻집,5,5,KEEP
지유명차 마곡점,음식점 > 카페 > 전통찻집,서울 강서구 마곡동 728-159,서울 강서구 공항대로 206,02-2662-5634,126.830265032025,37.5588924878528,http://place.map.kakao.com/740368256,신월3동 찻집,329,0,KEEP
나연건강카페,음식점 > 카페 > 전통찻집,서울 강서구 화곡동 798-19,서울 강서구 곰달래로55길 18,,126.860691736529,37.5328484045514,http://place.map.kakao.com/1523425355,신월3동 찻집,441,232,KEEP
티오르카페,음식점 > 카페,서울 강서구 마곡동 773,서울 강서구 마곡중앙로 76,010-4264-0325,126.827507936999,37.5603949572859,http://place.map.kakao.com/699398417,신월3동 티카페,1,6,KEEP
지유명차 화곡점,음식점 > 카페 > 전통찻집,서울 강서구 화곡동 1128-2,서울 강서구 까치산로28길 6,010-4939-5634,126.85411195400609,37.55355442115979,http://place.map.kakao.com/505478075,신월5동 찻집,379,6,KEEP
오가다 서울목동파라곤점,음식점 > 카페 > 전통찻집 > 오가다,서울 양천구 목동 917,서울 양천구 목동서로 155,02-2652-0543,126.87517684334296,37.52951107803039,http://place.map.kakao.com/1853130760,고척2동 찻집,75,87,KEEP
대운차향,음식점 > 카페 > 전통찻집,서울 양천구 목동 788-12,서울 양천구 목동중앙서로7가길 38,,126.864111790908,37.5335497636631,http://place.map.kakao.com/1088281740,화곡6동 찻집,1233,5,KEEP
태허루,음식점 > 카페 > 전통찻집,서울 금천구 독산동 1155,서울 금천구 시흥대로 291,010-5577-1589,126.896672748241,37.4594335288971,http://place.map.kakao.com/1465883133,시흥3동 찻집,0,2,REMOVE
차연,음식점 > 카페 > 전통찻집,서울 관악구 신림동 1516-10,서울 관악구 호암로26길 71,02-883-3479,126.937567586912,37.470299573795,http://place.map.kakao.com/16091771,삼성산자연공원 찻집,2963,948,KEEP
티소트,음식점 > 카페,서울 강서구 화곡동 341-92,서울 강서구 강서로12길 15,,126.84773054332,37.531724173686,http://place.map.kakao.com/1769490368,화곡8동 티카페,8,2,KEEP
오설록티하우스 현대백화점 목동점,음식점 > 카페 > 오설록 티하우스,서울 양천구 목동 916,서울 양천구 목동동로 257,02-2163-2072,126.8749903924984,37.526667320799326,http://place.map.kakao.com/18629848,목1동 티카페,51701,7011,KEEP
차마시는뜰 (휴업중),음식점 > 카페 > 전통찻집,서울 송파구 오금동 164,서울 송파구 동남로 272,010-9680-0688,127.1364310483756,37.49986964923044,http://place.map.kakao.com/8082652,문정1동 찻집,36918,0,KEEP
지유명차 송파점,음식점 > 카페 > 전통찻집,서울 송파구 오금동 46-1,서울 송파구 오금로35길 12,0507-1307-0618,127.12713562184528,37.50417691274213,http://place.map.kakao.com/77969319,문정1동 찻집,753,11,KEEP
람가헌,음식점 > 카페 > 전통찻집,서울 송파구 장지동 362-2,서울 송파구 위례순환로 478,02-543-5634,127.13407831675734,37.4774624915802,http://place.map.kakao.com/9786388,문정1동 찻집,75,3,KEEP
청복 보이차,음식점 > 카페 > 전통찻집,서울 송파구 장지동 880-1,서울 송파구 위례광장로 199,02-2088-3546,127.142787136809,37.4817005434945,http://place.map.kakao.com/1460857382,문정1동 찻집,101,0,KEEP
슬기네찻집,음식점 > 카페 > 전통찻집,서울 송파구 거여동 579,서울 송파구 성내천로63길 8,02-431-7737,127.157499697026,37.4902279023889,http://place.map.kakao.com/27262857,문정1동 찻집,118,74,KEEP
유정임보이차,음식점 > 카페 > 전통찻집,서울 관악구 봉천동 181-7,서울 관악구 남부순환로248길 68,0503-7150-7963,126.965992559806,37.4731367418585,http://place.map.kakao.com/1215762160,대학동 찻집,370,6,KEEP
오가다 대한무역투자진흥공사점,음식점 > 카페 > 전통찻집 > 오가다,서울 서초구 염곡동 300-6,서울 서초구 헌릉로 7,02-3497-1070,127.04405409187451,37.46539013686462,http://place.map.kakao.com/1915638216,양재2동 찻집,15562,25,KEEP
당신의보이차,음식점 > 카페 > 전통찻집,서울 강남구 역삼동 835-33,서울 강남구 도곡로11길 10,,127.035769609851,37.4915519400015,http://place.map.kakao.com/1110191152,양재2동 찻집,13385,971,KEEP
웰빙찻집 다정다감,음식점 > 카페 > 전통찻집,서울 서초구 신원동 607,서울 서초구 청계산로 189,02-579-5280,127.05528538210122,37.44834906968367,http://place.map.kakao.com/2073821355,양재2동 찻집,53,27,KEEP
오가다 서울대치점,음식점 > 카페 > 전통찻집 > 오가다,서울 강남구 대치동 919,서울 강남구 역삼로64길 9,02-6101-1910,127.05309305692876,37.50043628813387,http://place.map.kakao.com/1380572856,매봉역 찻집,1,8,KEEP
예향,음식점 > 카페 > 전통찻집,서울 강남구 역삼동 823,서울 강남구 테헤란로 124,010-5009-8874,127.031619337256,37.4987656833544,http://place.map.kakao.com/16301232,매봉역 찻집,1947,1393,KEEP
무미다점 바이 이스턴에디션,음식점 > 카페 > 전통찻집,서울 강남구 논현동 85-8,서울 강남구 언주로133길 17,,127.033857239577,37.5160643582198,http://place.map.kakao.com/1191441011,논현2동 찻집,259,186,KEEP
티하우스 절기,음식점 > 카페 > 전통찻집,서울 강남구 역삼동 681-16,서울 강남구 봉은사로 306,0507-1327-6475,127.04065273431,37.5090974528202,http://place.map.kakao.com/1847225466,논현2동 찻집,1412,9,KEEP
선릉마실길,음식점 > 카페 > 전통찻집,서울 강남구 삼성동 140,서울 강남구 선릉로 530,02-557-2226,127.047569922389,37.5069811123957,http://place.map.kakao.com/16587715,논현2동 찻집,506,537,KEEP
하모니,음식점 > 카페 > 전통찻집,서울 강남구 논현동 202-9,서울 강남구 봉은사로 123,,127.027143520445,37.5055567760198,http://place.map.kakao.com/19337771,논현2동 찻집,13394,9917,KEEP
라오상하이 찻집 논현점,음식점 > 카페,서울 강남구 논현동 209-5,서울 강남구 학동로38길 6,02-511-5473,127.034304480806,37.5145577509229,http://place.map.kakao.com/1279938028,논현2동 찻집,257,3,KEEP
로네펠트티하우스 선릉점,음식점 > 카페,서울 강남구 삼성동 142-21,서울 강남구 테헤란로69길 13,02-553-7949,127.0522295087066,37.50678092294778,http://place.map.kakao.com/407326929,논현2동 티하우스,6435,2,KEEP
앨리스스튜디오&티카페,음식점 > 카페 > 테마카페,서울 강남구 논현동 211-21,서울 강남구 언주로 641,070-4272-5108,127.034860703041,37.5139413014008,http://place.map.kakao.com/2073991428,논현2동 티카페,925,0,KEEP
지유명차 서초점,음식점 > 카페 > 전통찻집,서울 서초구 서초동 1487-23,서울 서초구 명달로8길 17,02-522-5634,127.00613927801612,37.48181639622053,http://place.map.kakao.com/955634973,역삼1동 찻집,550,3,KEEP
다원식품,"서비스,산업 > 식품 > 음료,주류제조 > 차,커피",서울 서초구 서초동 1552-11,서울 서초구 반포대로28길 21-9,,127.009344613295,37.4910677383446,http://place.map.kakao.com/8304346,역삼1동 다원,24875,1442,KEEP
최찻집,음식점 > 카페,서울 서초구 방배동 456-1,서울 서초구 방배천로16길 18,02-6338-6978,126.983524546702,37.48194425129847,http://place.map.kakao.com/1770009288,사당1동 찻집,9,1,KEEP
콰이어트 크림티,음식점 > 카페,서울 송파구 삼전동 2-4,서울 송파구 삼전로12길 7,02-6402-0228,127.09103817476976,37.50644473983687,http://place.map.kakao.com/1140044495,삼전동 티카페,287,5,KEEP
티의수채화,음식점 > 카페,서울 강남구 일원동 687,서울 강남구 일원로 53,010-8332-7275,127.081808615442,37.4892575908143,http://place.map.kakao.com/540877577,일원1동 티카페,3751,748,KEEP
노스티 상일점,음식점 > 카페 > 커피전문점,서울 강동구 상일동 270,서울 강동구 상일로7길 11,02-6949-2075,127.17228215875468,37.54984549413008,http://place.map.kakao.com/1500965209,상일동 티카페,85,1,KEEP
티테리아 잠실점,음식점 > 카페,서울 송파구 신천동 7-14,서울 송파구 올림픽로35가길 10,02-422-8885,127.1021659843824,37.5172098447787,http://place.map.kakao.com/570548410,잠실6동 티카페,2,0,KEEP
